dist,taluk,hobli,vlg,village_name,hobli_name,taluk_name,bda_coverage,coverage_source,pd,gap,effect,status
20,1,1,13,LINGARAJAPURA,KASABA1,BANGALORE-NORTH,full,text,8,parcel file has no geometry (placeholder),cannot be searched by survey number; /authority answers from the LPA schedule,"cadastral data gap; no fix in this phase (audit M2, 30 Sep 2026)"
20,1,2,18,HEBBALA,KASABA2,BANGALORE-NORTH,full,text,,parcel file has no geometry (placeholder),cannot be searched by survey number; /authority answers from the LPA schedule,"cadastral data gap; no fix in this phase (audit M2, 30 Sep 2026)"
20,1,6,47,DOMBARAHALLI,DASANAPURA2,BANGALORE-NORTH,full,text,40,parcel file has no geometry (placeholder),cannot be searched by survey number; /authority answers from the LPA schedule,"cadastral data gap; no fix in this phase (audit M2, 30 Sep 2026)"
20,1,40,400,YESHWANTHAPURA,YESHWANTHAPURA,BANGALORE-NORTH,full,text,,no parcel file,cannot be searched by survey number; /authority answers from the LPA schedule,"cadastral data gap; no fix in this phase (audit M2, 30 Sep 2026)"
20,1,40,402,KETHAMARANAHALLI,YESHWANTHAPURA,BANGALORE-NORTH,full,text,,no parcel file,cannot be searched by survey number; /authority answers from the LPA schedule,"cadastral data gap; no fix in this phase (audit M2, 30 Sep 2026)"
20,1,40,403,SHIVANAHALLI,YESHWANTHAPURA,BANGALORE-NORTH,full,text,,no parcel file,cannot be searched by survey number; /authority answers from the LPA schedule,"cadastral data gap; no fix in this phase (audit M2, 30 Sep 2026)"
20,1,40,404,AGRAHARADASARAHALLI,YESHWANTHAPURA,BANGALORE-NORTH,full,text,5,no parcel file,cannot be searched by survey number; /authority answers from the LPA schedule,"cadastral data gap; no fix in this phase (audit M2, 30 Sep 2026)"
20,1,40,405,GANGONDANAHALLI,YESHWANTHAPURA,BANGALORE-NORTH,full,text,40,no parcel file,cannot be searched by survey number; /authority answers from the LPA schedule,"cadastral data gap; no fix in this phase (audit M2, 30 Sep 2026)"
20,1,41,400,MATTHIKERE,KASABA,BANGALORE-NORTH,full,text,6,no parcel file,cannot be searched by survey number; /authority answers from the LPA schedule,"cadastral data gap; no fix in this phase (audit M2, 30 Sep 2026)"
20,1,41,401,CHIKKAMARANAHALLI,KASABA,BANGALORE-NORTH,full,text,,no parcel file,cannot be searched by survey number; /authority answers from the LPA schedule,"cadastral data gap; no fix in this phase (audit M2, 30 Sep 2026)"
20,1,41,402,GANGENAHALLI,KASABA,BANGALORE-NORTH,full,text,7,no parcel file,cannot be searched by survey number; /authority answers from the LPA schedule,"cadastral data gap; no fix in this phase (audit M2, 30 Sep 2026)"
20,1,41,403,GURIHOIDEYUVAMYDANA,KASABA,BANGALORE-NORTH,full,text,,no parcel file,cannot be searched by survey number; /authority answers from the LPA schedule,"cadastral data gap; no fix in this phase (audit M2, 30 Sep 2026)"
20,1,41,404,MATADAHALLI,KASABA,BANGALORE-NORTH,full,text,,no parcel file,cannot be searched by survey number; /authority answers from the LPA schedule,"cadastral data gap; no fix in this phase (audit M2, 30 Sep 2026)"
20,1,41,406,DYAVASANDRA,KASABA,BANGALORE-NORTH,full,text,,no parcel file,cannot be searched by survey number; /authority answers from the LPA schedule,"cadastral data gap; no fix in this phase (audit M2, 30 Sep 2026)"
20,1,41,411,TATA RESERCH INSTITUTE,KASABA,BANGALORE-NORTH,full,text,,no parcel file,cannot be searched by survey number; /authority answers from the LPA schedule,"cadastral data gap; no fix in this phase (audit M2, 30 Sep 2026)"
20,1,41,414,BYADARAHALLI,KASABA,BANGALORE-NORTH,full,text,,no parcel file,cannot be searched by survey number; /authority answers from the LPA schedule,"cadastral data gap; no fix in this phase (audit M2, 30 Sep 2026)"
20,1,41,424,KEMPAPURA AGRAHARA,KASABA,BANGALORE-NORTH,full,text,5,no parcel file,cannot be searched by survey number; /authority answers from the LPA schedule,"cadastral data gap; no fix in this phase (audit M2, 30 Sep 2026)"
20,1,41,427,JEDAHALLI,KASABA,BANGALORE-NORTH,full,text,,no parcel file,cannot be searched by survey number; /authority answers from the LPA schedule,"cadastral data gap; no fix in this phase (audit M2, 30 Sep 2026)"
20,1,41,445,GAVIPURA,KASABA,BANGALORE-NORTH,full,text,,no parcel file,cannot be searched by survey number; /authority answers from the LPA schedule,"cadastral data gap; no fix in this phase (audit M2, 30 Sep 2026)"
20,1,41,447,GERAHALLI,KASABA,BANGALORE-NORTH,full,text,,no parcel file,cannot be searched by survey number; /authority answers from the LPA schedule,"cadastral data gap; no fix in this phase (audit M2, 30 Sep 2026)"
20,2,11,17,KOTTANURU,UTTARAHALLI -1,BANGALORE-SOUTH,full,text,,parcel file has no geometry (placeholder),cannot be searched by survey number; /authority answers from the LPA schedule,"cadastral data gap; no fix in this phase (audit M2, 30 Sep 2026)"
20,2,14,58,BAIRASANDRA,UTTARAHALLI -4,BANGALORE-SOUTH,full,text,4,no parcel file,cannot be searched by survey number; /authority answers from the LPA schedule,"cadastral data gap; no fix in this phase (audit M2, 30 Sep 2026)"
20,2,17,33,KALENA AGRAHARA,BEGURU - 3,BANGALORE-SOUTH,full,text,,parcel file has no geometry (placeholder),cannot be searched by survey number; /authority answers from the LPA schedule,"cadastral data gap; no fix in this phase (audit M2, 30 Sep 2026)"
20,2,18,6,HALAGEVADERAHALLI,KENGERI - 1,BANGALORE-SOUTH,full,text,,no parcel file,cannot be searched by survey number; /authority answers from the LPA schedule,"cadastral data gap; no fix in this phase (audit M2, 30 Sep 2026)"
20,2,18,15,KENCHANAPURA,KENGERI - 1,BANGALORE-SOUTH,full,text,38,parcel file has no geometry (placeholder),cannot be searched by survey number; /authority answers from the LPA schedule,"cadastral data gap; no fix in this phase (audit M2, 30 Sep 2026)"
20,2,18,17,NAGADEVANAHALLI,KENGERI - 1,BANGALORE-SOUTH,full,text,,parcel file has no geometry (placeholder),cannot be searched by survey number; /authority answers from the LPA schedule,"cadastral data gap; no fix in this phase (audit M2, 30 Sep 2026)"
20,2,40,400,YADIYURNAGASANDRA,UTTARAHALLI,BANGALORE-SOUTH,full,text,,no parcel file,cannot be searched by survey number; /authority answers from the LPA schedule,"cadastral data gap; no fix in this phase (audit M2, 30 Sep 2026)"
20,2,40,401,YADIYUR,UTTARAHALLI,BANGALORE-SOUTH,full,text,4,no parcel file,cannot be searched by survey number; /authority answers from the LPA schedule,"cadastral data gap; no fix in this phase (audit M2, 30 Sep 2026)"
20,2,40,403,DASARAHALLI,UTTARAHALLI,BANGALORE-SOUTH,full,text,,no parcel file,cannot be searched by survey number; /authority answers from the LPA schedule,"cadastral data gap; no fix in this phase (audit M2, 30 Sep 2026)"
20,2,40,404,TAYAPPANAHALLI,UTTARAHALLI,BANGALORE-SOUTH,full,text,,no parcel file,cannot be searched by survey number; /authority answers from the LPA schedule,"cadastral data gap; no fix in this phase (audit M2, 30 Sep 2026)"
20,4,1,6,VIJANAPURA,K R PURA1,BANGALORE-EAST,full,text,,no parcel file,cannot be searched by survey number; /authority answers from the LPA schedule,"cadastral data gap; no fix in this phase (audit M2, 30 Sep 2026)"
20,4,1,15,SHEEGEHALLI,K R PURA1,BANGALORE-EAST,full,text,23,parcel file has no geometry (placeholder),cannot be searched by survey number; /authority answers from the LPA schedule,"cadastral data gap; no fix in this phase (audit M2, 30 Sep 2026)"
20,4,1,17,BANASAVADI,K R PURA1,BANGALORE-EAST,full,text,9,parcel file has no geometry (placeholder),cannot be searched by survey number; /authority answers from the LPA schedule,"cadastral data gap; no fix in this phase (audit M2, 30 Sep 2026)"
20,4,1,23,BAIYAPPANAHALLI,K R PURA1,BANGALORE-EAST,full,text,22,no parcel file,cannot be searched by survey number; /authority answers from the LPA schedule,"cadastral data gap; no fix in this phase (audit M2, 30 Sep 2026)"
20,4,1,24,BENNIGANAHALLI,K R PURA1,BANGALORE-EAST,full,text,,no parcel file,cannot be searched by survey number; /authority answers from the LPA schedule,"cadastral data gap; no fix in this phase (audit M2, 30 Sep 2026)"
20,4,1,27,MAHADEVAPURA,K R PURA1,BANGALORE-EAST,full,text,,no parcel file,cannot be searched by survey number; /authority answers from the LPA schedule,"cadastral data gap; no fix in this phase (audit M2, 30 Sep 2026)"
20,4,2,38,RACHENAHALLI,K R PURA2,BANGALORE-EAST,full,text,,parcel file has no geometry (placeholder),cannot be searched by survey number; /authority answers from the LPA schedule,"cadastral data gap; no fix in this phase (audit M2, 30 Sep 2026)"
20,4,3,9,HUDI,K R PURA3,BANGALORE-EAST,full,text,9,parcel file has no geometry (placeholder),cannot be searched by survey number; /authority answers from the LPA schedule,"cadastral data gap; no fix in this phase (audit M2, 30 Sep 2026)"
20,4,4,10,KODIHALLI,VARTURU1,BANGALORE-EAST,full,text,,no parcel file,cannot be searched by survey number; /authority answers from the LPA schedule,"cadastral data gap; no fix in this phase (audit M2, 30 Sep 2026)"
20,4,4,11,MARATAHALLI,VARTURU1,BANGALORE-EAST,full,text,,no parcel file,cannot be searched by survey number; /authority answers from the LPA schedule,"cadastral data gap; no fix in this phase (audit M2, 30 Sep 2026)"
20,4,4,12,KONENA AGRAHARA,VARTURU1,BANGALORE-EAST,full,text,12,no parcel file,cannot be searched by survey number; /authority answers from the LPA schedule,"cadastral data gap; no fix in this phase (audit M2, 30 Sep 2026)"
20,4,4,13,KEMPAPURA,VARTURU1,BANGALORE-EAST,full,text,34,no parcel file,cannot be searched by survey number; /authority answers from the LPA schedule,"cadastral data gap; no fix in this phase (audit M2, 30 Sep 2026)"
20,4,4,14,BELURU,VARTURU1,BANGALORE-EAST,full,text,,no parcel file,cannot be searched by survey number; /authority answers from the LPA schedule,"cadastral data gap; no fix in this phase (audit M2, 30 Sep 2026)"
20,4,4,15,BELURU NAGASANDRA,VARTURU1,BANGALORE-EAST,full,text,,no parcel file,cannot be searched by survey number; /authority answers from the LPA schedule,"cadastral data gap; no fix in this phase (audit M2, 30 Sep 2026)"
20,4,4,16,YAMALURU,VARTURU1,BANGALORE-EAST,full,text,,no parcel file,cannot be searched by survey number; /authority answers from the LPA schedule,"cadastral data gap; no fix in this phase (audit M2, 30 Sep 2026)"
20,4,4,17,CHALLAGHATTA,VARTURU1,BANGALORE-EAST,full,text,,no parcel file,cannot be searched by survey number; /authority answers from the LPA schedule,"cadastral data gap; no fix in this phase (audit M2, 30 Sep 2026)"
20,4,6,57,KUMBENA AGRAHARA,BIDARAHALLI1,BANGALORE-EAST,full,text,23,parcel file has no geometry (placeholder),cannot be searched by survey number; /authority answers from the LPA schedule,"cadastral data gap; no fix in this phase (audit M2, 30 Sep 2026)"
20,4,7,32,KITTAGANURU,BIDARAHALLI2,BANGALORE-EAST,full,text,,parcel file has no geometry (placeholder),cannot be searched by survey number; /authority answers from the LPA schedule,"cadastral data gap; no fix in this phase (audit M2, 30 Sep 2026)"
20,4,40,400,KADUGODIPLAMTATION,BIDARAHALLI,BANGALORE-EAST,full,text,,no parcel file,cannot be searched by survey number; /authority answers from the LPA schedule,"cadastral data gap; no fix in this phase (audit M2, 30 Sep 2026)"
20,4,41,402,THIPPASANDRAMANAVARTIKAVAL,K.R.PURAM,BANGALORE-EAST,full,text,,no parcel file,cannot be searched by survey number; /authority answers from the LPA schedule,"cadastral data gap; no fix in this phase (audit M2, 30 Sep 2026)"
20,5,6,3,BILIJAJI,HESARUGHATTA1,YALAHANKA,full,text,,parcel file has no geometry (placeholder),cannot be searched by survey number; /authority answers from the LPA schedule,"cadastral data gap; no fix in this phase (audit M2, 30 Sep 2026)"
20,5,40,401,PEENYAPLANTATION,YELAHANKA,BANGALORE NORTH(ADDITIONAL),full,text,,no parcel file,cannot be searched by survey number; /authority answers from the LPA schedule,"cadastral data gap; no fix in this phase (audit M2, 30 Sep 2026)"
