plan_id,source_doc_id,zone_label_native,colour_hex,role,class_norm,zr_zone,raster_share_pct,review,method,notes
BDA-RMP2031,BDA-RMP2031-PLUCOMP,Residential,#ffff00,zone,residential,,13.17,"default, SME to confirm",exact colour,
BDA-RMP2031,BDA-RMP2031-PLUCOMP,Commercial,#005ce6,zone,commercial,,0.77,"default, SME to confirm",exact colour,
BDA-RMP2031,BDA-RMP2031-PLUCOMP,Industrial,#ca7af5,zone,industrial,,1.33,"default, SME to confirm",exact colour,
BDA-RMP2031,BDA-RMP2031-PLUCOMP,Public and Semi Public,#ff0000,zone,public_semi_public,,1.89,"default, SME to confirm",exact colour,
BDA-RMP2031,BDA-RMP2031-PLUCOMP,Defense,#b2b2b2,zone,defence,,1.43,"default, SME to confirm",exact colour,Legend spelling 'Defense' kept verbatim
BDA-RMP2031,BDA-RMP2031-PLUCOMP,Public Utilities,#732600,zone,public_utility,,0.16,"default, SME to confirm",exact colour,
BDA-RMP2031,BDA-RMP2031-PLUCOMP,Parks and Open spaces,#267300,zone,open_space,,1.28,"default, SME to confirm",exact colour,
BDA-RMP2031,BDA-RMP2031-PLUCOMP,Transport and Communication,#686868,zone,transport,,0.37,"default, SME to confirm",exact colour,
BDA-RMP2031,BDA-RMP2031-PLUCOMP,Agriculture,#a3ff73,zone,agriculture,,6.59,"default, SME to confirm",exact colour,
BDA-RMP2031,BDA-RMP2031-PLUCOMP,Water Bodies,#97dbf2,zone,water,,1.71,"default, SME to confirm",exact colour (+ outline #4065eb 0.32%),Right-column legend row
BDA-RMP2031,BDA-RMP2031-PLUCOMP,Water bodies,#97dbf2,zone,water,,,"default, SME to confirm",exact colour,Left-column legend row; same swatch colour as 'Water Bodies'
BDA-RMP2031,BDA-RMP2031-PLUCOMP,Streams,#0084a8,zone,stream,,1.22,"default, SME to confirm",exact colour,Right-column 'Streams' swatch
BDA-RMP2031,BDA-RMP2031-PLUCOMP,Streams,#97dbf2,zone,stream,,,"default, SME to confirm",none (colour shared),Left-column 'Streams' swatch; same colour as Water Bodies so raster pixels cannot be told apart: #97dbf2 pixels are classed water unless SME decides otherwise
BDA-RMP2031,BDA-RMP2031-PLUCOMP,Forest,#55ff00,pattern,forest,,0.10,"default, SME to confirm",glyph pixels morphologically closed then dilated to a solid area (radii recorded at extraction),Tree-glyph pattern; glyph pixels only 0.10%
BDA-RMP2031,BDA-RMP2031-PLUCOMP,NGT Buffer,#38a800,overlay,ngt_buffer,,3.78,"default, SME to confirm",separate overlay layer from hatch extent,Zone underneath: hatch pixels dropped and filled from surrounding non-hatch pixels of the same area; those polygons marked 'zone inferred under hatch'
BDA-RMP2031,BDA-RMP2031-PLUCOMP,Special Development Zone,#a87000,overlay,special_development_zone,,,"default, SME to confirm",vector boundary,Dotted boundary; vector not raster
BDA-RMP2031,BDA-RMP2031-PLUCOMP,Conurbation Boundary 2031,#ff00c5,line,,,,"default, SME to confirm",vector,Not a zone
BDA-RMP2031,BDA-RMP2031-PLUCOMP,LPD BDA Boundary,#000000,line,,,,"default, SME to confirm",vector (1.92 pt),Not a zone; polygonised area 1207 km2 at fitted scale
BDA-RMP2031,BDA-RMP2031-PLUCOMP,RailwayLine,#000000,line,,,,"default, SME to confirm",,Not found as vector on the sheet; not a zone
BDA-RMP2031,BDA-RMP2031-PLUCOMP,Road Network,#b2b2b2,line,,,,"default, SME to confirm",vector (0.96 pt),Not a zone; used for georeferencing
BDA-RMP2031,BDA-RMP2031-PLUCOMP,(no legend entry: white inside LPA),#ffffff,zone,uncoloured,,,"default, SME to confirm",exact colour inside LPD BDA boundary,Never guessed. 14.2% of LPA pixels; 16.0% of that white lies within ~10 m of a road line (8.7% under the drawn line); 11.9% of LPA is white away from roads
BDA-RMP2031,BDA-RMP2031-PLUCOMP,(no legend entry: white outside LPA),#ffffff,background,,,,"default, SME to confirm",,Sheet background outside the LPA; not extracted
BDA-RMP2031,BDA-RMP2031-PLUCOMP,(no legend entry: 24 blend colours),various,edge,,,0.19,"default, SME to confirm",nearest main class (RGB distance),Anti-aliasing at hatch/glyph edges (e.g. #d4d480 #93b980 #65b93a)
