doc_id,authority,plan_id,type,title,status,status_label,status_condition,go_ref,go_date,applies_to,amends,superseded_by,source_url,sha256,retrieved_on,checked
BDA-RMP2031-BROCHURE,BDA,BDA-RMP2031,reference,BDA Revised Master Plan 2031 - Brochure,draft,"Draft, never approved",,,,BDA LPA,,,https://data.opencity.in/dataset/91a1d04b-3ac2-4096-9cdd-a6062b1cb8e1/resource/c0bde9fa-ebd4-4d0f-8ce5-8faa405d433c/download/db3d5a48-f2e8-46c9-b5e6-48c19286b276.pdf,241dbbc83eab90d01af5ae83ce2af917aa130cd8a53f7956e8386eaaab3e203b,2026-09-30,unverified
BDA-RMP2031-DBINFO,BDA,BDA-RMP2031,plan_report,BDA Revised Master Plan 2031 - Database/Information for Preparation of RMP 2031 (same file as BDA-RMP2031-OCSINGLE),draft,"Draft, never approved",,,,BDA LPA,,,https://data.opencity.in/dataset/91a1d04b-3ac2-4096-9cdd-a6062b1cb8e1/resource/d3bc0e12-d789-42df-9c0f-8006e2d6d0e8/download/0341e27d-ce5d-4470-864c-b73448ce8b50.pdf,4eccb0f4bdf59d31fde4101c09c5c5c4a369e633f5be00fe5b97b4c82bfcb1b3,2026-09-30,unverified
BDA-RMP2031-ELU,BDA,BDA-RMP2031,plan_sheet,BDA Revised Master Plan 2031 - Existing Land Use Composite Map on Revised Master Plan 2015,draft,"Draft, never approved",,,,BDA LPA,,,https://data.opencity.in/dataset/91a1d04b-3ac2-4096-9cdd-a6062b1cb8e1/resource/4a12b169-a1af-43b9-bbfd-bc1ca29cc914/download/2b2fa3ad-f154-4b82-bb22-66e6112c1f43.pdf,b924174965eb0caaf2e4b75cb6cc9d8730d10074da6aca0e245f942150383ea7,2026-09-30,unverified
BDA-RMP2031-FORM,BDA,BDA-RMP2031,reference,BDA Revised Master Plan 2031 - Suggestions Form (Official),draft,"Draft, never approved",,,,BDA LPA,,,https://data.opencity.in/dataset/91a1d04b-3ac2-4096-9cdd-a6062b1cb8e1/resource/60149f5d-b9b2-42c2-87f9-5bcdb8a0446b/download/4ad36e8f-9a6b-4d05-8bb4-a99e1a026fbd.pdf,04072ea1215d2998cf7c502957313397f01bafd0b8764175de1a878507ed4b18,2026-09-30,unverified
BDA-RMP2031-MPD,BDA,BDA-RMP2031,plan_report,BDA Revised Master Plan 2031 - Master Plan Document,draft,"Draft, never approved",,,,BDA LPA,,,https://data.opencity.in/dataset/91a1d04b-3ac2-4096-9cdd-a6062b1cb8e1/resource/475414b6-ccd0-4f66-8eec-b947c38761a0/download/a0fced73-f6cb-4218-bc9f-4b4b788f09e4.pdf,b051f1e8a19c0aae7f930a42998abb2a10b39b53cebec58a356d0b054acc6309,2026-09-30,unverified
BDA-RMP2031-OCSINGLE,BDA,BDA-RMP2031,plan_report,BENGALURU REVISED MASTER PLAN 2031 (same file as BDA-RMP2031-DBINFO),draft,"Draft, never approved",,,,BDA LPA,,,https://data.opencity.in/dataset/c4123c93-927c-49b4-a429-17cb04a16036/resource/c1907db0-ba29-4538-a305-f9f007872ae3/download/08fce6f5-65f3-478a-a8ad-505b83eee88e.pdf,4eccb0f4bdf59d31fde4101c09c5c5c4a369e633f5be00fe5b97b4c82bfcb1b3,2026-09-30,unverified
BDA-RMP2031-PDINDEX,BDA,BDA-RMP2031,plan_sheet,BDA Revised Master Plan 2031 - Planning Districts Index Map,draft,"Draft, never approved",,,,BDA LPA,,,https://data.opencity.in/dataset/91a1d04b-3ac2-4096-9cdd-a6062b1cb8e1/resource/a201ffb3-6dc6-4997-9f56-ae822d2f08a7/download/725913fa-6233-4779-891b-523091e85210.pdf,cab66f7f91a80a55d22f041a1342bad239c6e27313837e088002cabc58425e0c,2026-09-30,unverified
BDA-RMP2031-PDR,BDA,BDA-RMP2031,plan_report,BDA Revised Master Plan 2031 - Planning District Report,draft,"Draft, never approved",,,,BDA LPA,,,https://data.opencity.in/dataset/91a1d04b-3ac2-4096-9cdd-a6062b1cb8e1/resource/85026b75-1b67-4926-97c2-447917547be4/download/f9ea886d-c8b5-448e-8eb9-d27eaf784615.pdf,85446810de68e380c858de76ecd8b699d6b8693e9e486381d14d9b4b3c4029be,2026-09-30,unverified
BDA-RMP2031-PLUCOMP,BDA,BDA-RMP2031,plan_sheet,BDA Revised Master Plan 2031 - Proposed Land Use Composite Map,draft,"Draft, never approved",,,,BDA LPA,,,https://data.opencity.in/dataset/91a1d04b-3ac2-4096-9cdd-a6062b1cb8e1/resource/7f564656-6a11-4a62-ac02-20ef60e3b5c2/download/33a3448f-f4e7-4b8e-b932-433416a675fb.pdf,ac9c2e28e3df7b20da699ba0094bb45ffb3a269ec74a13afafb19f45ecca8a49,2026-09-30,unverified
BDA-RMP2031-VISION,BDA,BDA-RMP2031,plan_report,BDA Revised Master Plan 2031 - Vision Document,draft,"Draft, never approved",,,,BDA LPA,,,https://data.opencity.in/dataset/91a1d04b-3ac2-4096-9cdd-a6062b1cb8e1/resource/4c50e02c-6b8c-4c50-b900-59f634b7d9ca/download/9b7eeca5-fb97-4332-8126-5d9eedd349e2.pdf,204dbec370d3ade65827b98b088345d26fcd01853d9ba10311104a09cded1137,2026-09-30,unverified
BDA-RMP2031-ZR,BDA,BDA-RMP2031,zr,BDA Revised Master Plan 2031 - Zoning Regulations,draft,"Draft, never approved",,,,BDA LPA,,,https://data.opencity.in/dataset/91a1d04b-3ac2-4096-9cdd-a6062b1cb8e1/resource/42b74359-dc93-4433-92b8-1af1242568e3/download/6b3f7724-00ec-4ea5-83b0-592ff0958f39.pdf,d00fcc58faccb15075ed448e9290ffe32a908dd74e8ef41a10129756563f9ae8,2026-09-30,unverified
BDA-RMP2031-ELU-PD1,BDA,BDA-RMP2031,plan_sheet,BDA Revised Master Plan 2031 - Land Use Maps - Planning District 1 (CENTRAL BUSINESS DISTRICT),draft,"Draft, never approved",,,,PD 1 (CENTRAL BUSINESS DISTRICT),,,https://data.opencity.in/dataset/91a1d04b-3ac2-4096-9cdd-a6062b1cb8e1/resource/810d9bb9-fb5d-438d-a015-ffb2c94f9368/download/a8f34cc3-2df4-4e69-83ea-eec6f707306f.pdf,e81674a6c1e3d5add392b2ceed1241891ee952a3ef6c917c42e6b0d8ac4907f4,2026-09-30,unverified
BDA-RMP2031-ELU-PD2,BDA,BDA-RMP2031,plan_sheet,BDA Revised Master Plan 2031 - Land Use Maps - Planning District 2 (INDIRANAGAR - KAGADASAPURA),draft,"Draft, never approved",,,,PD 2 (INDIRANAGAR - KAGADASAPURA),,,https://data.opencity.in/dataset/91a1d04b-3ac2-4096-9cdd-a6062b1cb8e1/resource/d6eb6169-a451-4b8b-8914-050ad78c5dce/download/bc2f5982-2fae-432f-a171-422b61af4308.pdf,0a2bfcf0049f048823dc829297c151945db8d069cea2caba63a57301cefb329d,2026-09-30,unverified
BDA-RMP2031-ELU-PD3,BDA,BDA-RMP2031,plan_sheet,BDA Revised Master Plan 2031 - Land Use Maps - Planning District 3 (AUSTIN TOWN-KORAMANGALA-HSR LAY,draft,"Draft, never approved",,,,PD 3 (AUSTIN TOWN-KORAMANGALA-HSR LAY),,,https://data.opencity.in/dataset/91a1d04b-3ac2-4096-9cdd-a6062b1cb8e1/resource/8756e50c-b088-42a2-ba9c-f355a4e558f8/download/2f214096-12f2-45df-874c-b11aa1eb626e.pdf,4b9d47ed90e8ef4d43b5167e661b29e404987452d99684c621c738047733c84b,2026-09-30,unverified
BDA-RMP2031-ELU-PD4,BDA,BDA-RMP2031,plan_sheet,BDA Revised Master Plan 2031 - Land Use Maps - Planning District 4 (JAYANAGARA),draft,"Draft, never approved",,,,PD 4 (JAYANAGARA),,,https://data.opencity.in/dataset/91a1d04b-3ac2-4096-9cdd-a6062b1cb8e1/resource/49688be3-b990-42ea-b651-f4810c6d9ec6/download/d693beef-adcc-41c4-85a8-2155899cdf6a.pdf,9ad5b3f05551bd5ed3de5bf03c880d8f9ac214bb1ff6a075dfb49044142afe78,2026-09-30,unverified
BDA-RMP2031-ELU-PD5,BDA,BDA-RMP2031,plan_sheet,BDA Revised Master Plan 2031 - Land Use Maps - Planning District 5 (RAJAJINAGAR-BAPUJI NAGAR-AZAD N,draft,"Draft, never approved",,,,PD 5 (RAJAJINAGAR-BAPUJI NAGAR-AZAD N),,,https://data.opencity.in/dataset/91a1d04b-3ac2-4096-9cdd-a6062b1cb8e1/resource/3d4e5c81-79c9-48c6-b22e-fe5c4d910f9d/download/6223bc81-f61d-4b85-b72c-c8306c008cc8.pdf,2114649042581989c198039f942ce7299039674762c9f8d14d151b02850cb655,2026-09-30,unverified
BDA-RMP2031-ELU-PD6,BDA,BDA-RMP2031,plan_sheet,BDA Revised Master Plan 2031 - Land Use Maps - Planning District 6 (YESHWANTPUR-MALLESWARAM),draft,"Draft, never approved",,,,PD 6 (YESHWANTPUR-MALLESWARAM),,,https://data.opencity.in/dataset/91a1d04b-3ac2-4096-9cdd-a6062b1cb8e1/resource/72263d61-3da3-4ab9-a0cc-7ef077273905/download/2672ceb3-38be-46a1-9c5f-9165af826433.pdf,125fce1f5b12477d6a2818eda07251f09cdd9ae00ea68141eaf8d6ed52484456,2026-09-30,unverified
BDA-RMP2031-ELU-PD7,BDA,BDA-RMP2031,plan_sheet,BDA Revised Master Plan 2031 - Land Use Maps - Planning District 7 (RT NAGAR - HEBBAL-GKVK),draft,"Draft, never approved",,,,PD 7 (RT NAGAR - HEBBAL-GKVK),,,https://data.opencity.in/dataset/91a1d04b-3ac2-4096-9cdd-a6062b1cb8e1/resource/a73afa13-526e-4e78-9b97-5a886e44deb1/download/1709eb7b-1267-4428-87d7-38ba497e30aa.pdf,0587236ad25c4768fd74d98e2805f17c462db8c00404f533e1620c241a7830c7,2026-09-30,unverified
BDA-RMP2031-ELU-PD8,BDA,BDA-RMP2031,plan_sheet,BDA Revised Master Plan 2031 - Land Use Maps - Planning District 8 (THANISANDRA-NAGAWARA-RICHARDS T,draft,"Draft, never approved",,,,PD 8 (THANISANDRA-NAGAWARA-RICHARDS T),,,https://data.opencity.in/dataset/91a1d04b-3ac2-4096-9cdd-a6062b1cb8e1/resource/d96f1c9d-8193-4ca6-9aa1-13695b7302a2/download/cbe35e04-936b-431c-b83f-47b0728db456.pdf,2a006007fcf30b2125ac8f0cef1d64ee91695a863bac5c6b82895d68d793eaf3,2026-09-30,unverified
BDA-RMP2031-ELU-PD9,BDA,BDA-RMP2031,plan_sheet,BDA Revised Master Plan 2031 - Land Use Maps - Planning District 9 (BANSAWADI-HORAMAVU),draft,"Draft, never approved",,,,PD 9 (BANSAWADI-HORAMAVU),,,https://data.opencity.in/dataset/91a1d04b-3ac2-4096-9cdd-a6062b1cb8e1/resource/d1aaaa29-8219-4714-8aa8-8ead7f53e197/download/1d681b15-668f-45e8-9be2-9a7220b2dc90.pdf,8db8c31b47d297d77f2d0baeeb02865f2c2b4829b4878bab0f7d3564c205f413,2026-09-30,unverified
BDA-RMP2031-ELU-PD10,BDA,BDA-RMP2031,plan_sheet,BDA Revised Master Plan 2031 - Land Use Maps - Planning District 10 (KR PURAM - HOODI),draft,"Draft, never approved",,,,PD 10 (KR PURAM - HOODI),,,https://data.opencity.in/dataset/91a1d04b-3ac2-4096-9cdd-a6062b1cb8e1/resource/f7a2d65a-2a45-4790-b80f-51db8a1f8fc1/download/2d5ed2cc-6df7-41ea-b1b1-170b87140995.pdf,90d4fbb7bf9045eda697f46933ae0cd4a676f0c1f3a9521cafb230d08476b268,2026-09-30,unverified
BDA-RMP2031-ELU-PD11,BDA,BDA-RMP2031,plan_sheet,BDA Revised Master Plan 2031 - Land Use Maps - Planning District 11 (DODDANEKKUNDI-WHITEFIELD),draft,"Draft, never approved",,,,PD 11 (DODDANEKKUNDI-WHITEFIELD),,,https://data.opencity.in/dataset/91a1d04b-3ac2-4096-9cdd-a6062b1cb8e1/resource/d320c594-9b97-4a0c-afef-d1af97afa517/download/f016413f-0da9-42e5-be10-4215e36aa2fd.pdf,7677be67eaf8de83fb1aea952f298a4a42ea84c0b212473806cc3710afdd6092,2026-09-30,unverified
BDA-RMP2031-ELU-PD12,BDA,BDA-RMP2031,plan_sheet,BDA Revised Master Plan 2031 - Land Use Maps - Planning District 12 (BELANDURU - HARALURU),draft,"Draft, never approved",,,,PD 12 (BELANDURU - HARALURU),,,https://data.opencity.in/dataset/91a1d04b-3ac2-4096-9cdd-a6062b1cb8e1/resource/14793303-234f-46ed-b4d3-6a05518d0de1/download/40e1de5c-8c6e-47b6-94ee-82d06bf68f08.pdf,267a7e68762162ae71aa25d9583a6b982624f451bb926e2e78d98e1c1122a10a,2026-09-30,unverified
BDA-RMP2031-ELU-PD13,BDA,BDA-RMP2031,plan_sheet,BDA Revised Master Plan 2031 - Land Use Maps - Planning District 13 (PARAPPANA AGRAHARA-HULIMAVU),draft,"Draft, never approved",,,,PD 13 (PARAPPANA AGRAHARA-HULIMAVU),,,https://data.opencity.in/dataset/91a1d04b-3ac2-4096-9cdd-a6062b1cb8e1/resource/a6443255-59cc-4771-9685-182e04339e5a/download/9e59aa16-7059-4891-b87d-c9053abb1b35.pdf,ce51601f9c15bfd46379acc06fb13e32b1c87f0416f9d6dbf97038589efd98d7,2026-09-30,unverified
BDA-RMP2031-ELU-PD14,BDA,BDA-RMP2031,plan_sheet,BDA Revised Master Plan 2031 - Land Use Maps - Planning District 14 (BANASHANKARI-BTM-MADIVALA),draft,"Draft, never approved",,,,PD 14 (BANASHANKARI-BTM-MADIVALA),,,https://data.opencity.in/dataset/91a1d04b-3ac2-4096-9cdd-a6062b1cb8e1/resource/ff9aee5a-9c18-4b5e-9532-4fb208dd5929/download/89840231-c901-44b5-adc0-9a02bba21254.pdf,9aaeafd15c4bcb818eee8c182c27d44706289c499ec75ef5613853cf070c7a9a,2026-09-30,unverified
BDA-RMP2031-ELU-PD15,BDA,BDA-RMP2031,plan_sheet,BDA Revised Master Plan 2031 - Land Use Maps - Planning District 15 (KATHRIGUPPE),draft,"Draft, never approved",,,,PD 15 (KATHRIGUPPE),,,https://data.opencity.in/dataset/91a1d04b-3ac2-4096-9cdd-a6062b1cb8e1/resource/1dbd7d19-d46b-4ec5-b50c-64828f8e0069/download/5f320e73-2d2b-4b11-943e-6c3eb3f9c3f3.pdf,dec583bbd438d416546f3b186e11b9032b66717d9ae3f7f5090eaf1a16a816cf,2026-09-30,unverified
BDA-RMP2031-ELU-PD16,BDA,BDA-RMP2031,plan_sheet,BDA Revised Master Plan 2031 - Land Use Maps - Planning District 16 (GOTTIGERE),draft,"Draft, never approved",,,,PD 16 (GOTTIGERE),,,https://data.opencity.in/dataset/91a1d04b-3ac2-4096-9cdd-a6062b1cb8e1/resource/72f56454-ee26-4cc1-b90f-09a41469027f/download/e1d4a9fa-f8c2-4d7e-b816-a57877a6b006.pdf,589d32e734107d86e415114dc17fa4a93fefbc4f7a67d301c206dd10fa0729af,2026-09-30,unverified
BDA-RMP2031-ELU-PD17,BDA,BDA-RMP2031,plan_sheet,BDA Revised Master Plan 2031 - Land Use Maps - Planning District 17 (NAYANADAHALLI),draft,"Draft, never approved",,,,PD 17 (NAYANADAHALLI),,,https://data.opencity.in/dataset/91a1d04b-3ac2-4096-9cdd-a6062b1cb8e1/resource/d4f02741-5285-4ca3-8b99-221a73fd80e4/download/879573a1-9344-4e2c-b140-fb004233b8bd.pdf,6f2f162517c18484e9b85c2385741f730ed8176ef28839b09a0928835dc8e3fa,2026-09-30,unverified
BDA-RMP2031-ELU-PD18,BDA,BDA-RMP2031,plan_sheet,BDA Revised Master Plan 2031 - Land Use Maps - Planning District 18 (PEENYA - NAGARBHAVI),draft,"Draft, never approved",,,,PD 18 (PEENYA - NAGARBHAVI),,,https://data.opencity.in/dataset/91a1d04b-3ac2-4096-9cdd-a6062b1cb8e1/resource/fe4d603e-e2a3-43a5-8acf-ce053c91feb3/download/a137a912-b5b4-40ac-9af5-12959683297f.pdf,0e62d5643c148b9ae472e14b8016d7a34ff5e472e4a34a3092cd418eba9abd6d,2026-09-30,unverified
BDA-RMP2031-ELU-PD20,BDA,BDA-RMP2031,plan_sheet,BDA Revised Master Plan 2031 - Land Use Maps - Planning District 20 (YELAHANKA),draft,"Draft, never approved",,,,PD 20 (YELAHANKA),,,https://data.opencity.in/dataset/91a1d04b-3ac2-4096-9cdd-a6062b1cb8e1/resource/e5ba74c4-cb89-4729-9cc9-21473ee6c365/download/0729e02e-ad5a-4e61-81e5-e02f77891a71.pdf,bb07021d3f6917b588117a4af15d96dde409abd4e407952aa70ed9f1cc366fa6,2026-09-30,unverified
BDA-RMP2031-ELU-PD21,BDA,BDA-RMP2031,plan_sheet,BDA Revised Master Plan 2031 - Land Use Maps - Planning District 21 (MARENAHALLI-KANNUR),draft,"Draft, never approved",,,,PD 21 (MARENAHALLI-KANNUR),,,https://data.opencity.in/dataset/91a1d04b-3ac2-4096-9cdd-a6062b1cb8e1/resource/97263c53-6a7a-4561-beda-2e8063224b13/download/a9181288-ef5c-47a7-91c6-033d6db067c8.pdf,d4fbb9985fec4c2c98f698b85c79c46d77d1d205210b432e6392575cdb772893,2026-09-30,unverified
BDA-RMP2031-ELU-PD22,BDA,BDA-RMP2031,plan_sheet,BDA Revised Master Plan 2031 - Land Use Maps - Planning District 22 (BIDARAHALLI),draft,"Draft, never approved",,,,PD 22 (BIDARAHALLI),,,https://data.opencity.in/dataset/91a1d04b-3ac2-4096-9cdd-a6062b1cb8e1/resource/1c4b4b89-d15a-4a30-92dc-c31cbaaaa7e3/download/0ecd9293-e4a5-446c-b9b9-99e086ac357a.pdf,f010b643a98f9a9b942ae295ea7542c5f6b244667475627e528e3458dac5d3bf,2026-09-30,unverified
BDA-RMP2031-ELU-PD23,BDA,BDA-RMP2031,plan_sheet,BDA Revised Master Plan 2031 - Land Use Maps - Planning District 23 (CHEEMASANDRA SPECIAL DEVELOPME,draft,"Draft, never approved",,,,PD 23 (CHEEMASANDRA SPECIAL DEVELOPME),,,https://data.opencity.in/dataset/91a1d04b-3ac2-4096-9cdd-a6062b1cb8e1/resource/2481dc37-b6d9-4ab2-95ae-3b924acc7455/download/b1f5d6e7-f3e0-4980-893a-8b03ba810e50.pdf,7b8707e13e9797ad2252a03b4b17437662aacde7e52aaa4c2c2a38b10b7b1ad1,2026-09-30,unverified
BDA-RMP2031-ELU-PD24,BDA,BDA-RMP2031,plan_sheet,BDA Revised Master Plan 2031 - Land Use Maps - Planning District 24 (VARTHUR -GUNJUR),draft,"Draft, never approved",,,,PD 24 (VARTHUR -GUNJUR),,,https://data.opencity.in/dataset/91a1d04b-3ac2-4096-9cdd-a6062b1cb8e1/resource/6a674252-0798-4c76-8176-5862cd6488d7/download/96be9112-9357-488c-8321-5ca4333a0eb5.pdf,7faff83ad820da14c288f8af1ed8734083736844ab3e9dceadda0fd6f99c9d7b,2026-09-30,unverified
BDA-RMP2031-ELU-PD25,BDA,BDA-RMP2031,plan_sheet,BDA Revised Master Plan 2031 - Land Use Maps - Planning District 25 (HALANAYAKANAHALLI - KODATHI SP,draft,"Draft, never approved",,,,PD 25 (HALANAYAKANAHALLI - KODATHI SP),,,https://data.opencity.in/dataset/91a1d04b-3ac2-4096-9cdd-a6062b1cb8e1/resource/87da0f40-c826-4c32-a567-98dc1a51022d/download/9bf971c2-0baa-4c88-bb5c-94074b2411c8.pdf,114721b04ab6041a4cfdba5460420b42d4d50f8ddfc3fe9f7b7b3ae9ad355d94,2026-09-30,unverified
BDA-RMP2031-ELU-PD26,BDA,BDA-RMP2031,plan_sheet,BDA Revised Master Plan 2031 - Land Use Maps - Planning District 26 (DOMMASANDRA SPECIAL DEVELOPMEN,draft,"Draft, never approved",,,,PD 26 (DOMMASANDRA SPECIAL DEVELOPMEN),,,https://data.opencity.in/dataset/91a1d04b-3ac2-4096-9cdd-a6062b1cb8e1/resource/c86afdad-15e2-439c-b271-03436168ea6e/download/442226c6-213b-49e9-b9c6-e84f856a0104.pdf,a2aa5a4ebd73e6acbaa2349b80668fcc5ada17807d98157adc83068260914b7e,2026-09-30,unverified
BDA-RMP2031-ELU-PD27,BDA,BDA-RMP2031,plan_sheet,BDA Revised Master Plan 2031 - Land Use Maps - Planning District 27 (SINGASANDRA - HEBBAGODI - KOMM,draft,"Draft, never approved",,,,PD 27 (SINGASANDRA - HEBBAGODI - KOMM),,,https://data.opencity.in/dataset/91a1d04b-3ac2-4096-9cdd-a6062b1cb8e1/resource/934287fb-96d0-41c8-92fa-5c4d1c2d6594/download/41d4f611-96ae-4f14-bf2f-b4eb30fe22ef.pdf,f243a5b17f86e738bb12218fc6969d1d927e5eaaafd2817c2df510c378632944,2026-09-30,unverified
BDA-RMP2031-ELU-PD28,BDA,BDA-RMP2031,plan_sheet,BDA Revised Master Plan 2031 - Land Use Maps - Planning District 28 (ELECTRONIC CITY - DODDATHOGURU,draft,"Draft, never approved",,,,PD 28 (ELECTRONIC CITY - DODDATHOGURU),,,https://data.opencity.in/dataset/91a1d04b-3ac2-4096-9cdd-a6062b1cb8e1/resource/2d70f977-3a0e-40cf-a29c-8ddc9a14ba32/download/c43d5963-7ba9-4f18-82eb-801c8450e73a.pdf,2f58d55cc64c15864da4c0acaba921ee614270415b800ce4864ad045e81f8775,2026-09-30,unverified
BDA-RMP2031-ELU-PD29,BDA,BDA-RMP2031,plan_sheet,BDA Revised Master Plan 2031 - Land Use Maps - Planning District 29 (HULIMANGAL),draft,"Draft, never approved",,,,PD 29 (HULIMANGAL),,,https://data.opencity.in/dataset/91a1d04b-3ac2-4096-9cdd-a6062b1cb8e1/resource/e2f72f72-7288-4fa6-9b6b-7d8d9d0612c1/download/bbcd57f4-8093-4fd8-879e-e6e9f6244039.pdf,1bf149ce2bf6021a815cd782f10541a590549bb0fc94925a4282e464249841b2,2026-09-30,unverified
BDA-RMP2031-ELU-PD30,BDA,BDA-RMP2031,plan_sheet,BDA Revised Master Plan 2031 - Land Use Maps - Planning District 30 (BANNERUGHATTA),draft,"Draft, never approved",,,,PD 30 (BANNERUGHATTA),,,https://data.opencity.in/dataset/91a1d04b-3ac2-4096-9cdd-a6062b1cb8e1/resource/57318692-d548-410c-994f-75e721c7b9cc/download/2011925b-78d3-4ec8-add0-6c3c5566bc0e.pdf,13f5ca1ce7b340af10a1b929e4b0995bfeff94e3ef1627e9c02d159b808562b4,2026-09-30,unverified
BDA-RMP2031-ELU-PD31,BDA,BDA-RMP2031,plan_sheet,BDA Revised Master Plan 2031 - Land Use Maps - Planning District 31 (AGARA),draft,"Draft, never approved",,,,PD 31 (AGARA),,,https://data.opencity.in/dataset/91a1d04b-3ac2-4096-9cdd-a6062b1cb8e1/resource/49c37b06-3f52-4084-b451-9ac8446d0770/download/01a2a5f9-380e-47c1-9b6d-6e1b354e5ed6.pdf,3ce13af318bbc829dbf250bf37d9af71fe879276280fa14830fb63b370532601,2026-09-30,unverified
BDA-RMP2031-ELU-PD32,BDA,BDA-RMP2031,plan_sheet,BDA Revised Master Plan 2031 - Land Use Maps - Planning District 32 (ULLALU - KENGERI),draft,"Draft, never approved",,,,PD 32 (ULLALU - KENGERI),,,https://data.opencity.in/dataset/91a1d04b-3ac2-4096-9cdd-a6062b1cb8e1/resource/b3dd0bdd-a992-412f-b60f-dde72fb5ccd8/download/bb940107-dd5c-4f9e-a350-78bc9a30449e.pdf,33dccea6c094fa646085bb3750218dadbadeed3fa0f8b4ff0e088870528eeb1a,2026-09-30,unverified
BDA-RMP2031-ELU-PD33,BDA,BDA-RMP2031,plan_sheet,BDA Revised Master Plan 2031 - Land Use Maps - Planning District 33 (HEROHALLI),draft,"Draft, never approved",,,,PD 33 (HEROHALLI),,,https://data.opencity.in/dataset/91a1d04b-3ac2-4096-9cdd-a6062b1cb8e1/resource/778b331a-4a9b-4018-9c76-06a1a90b3ee1/download/96d01169-6b05-4eb1-9e4f-b7f593bd9d19.pdf,146fa2a73d4a12438dd2c04359138538a0c6847f1ffdaf7895a53d8b814b8482,2026-09-30,unverified
BDA-RMP2031-ELU-PD34,BDA,BDA-RMP2031,plan_sheet,BDA Revised Master Plan 2031 - Land Use Maps - Planning District 34 (CHIKKABANWARA),draft,"Draft, never approved",,,,PD 34 (CHIKKABANWARA),,,https://data.opencity.in/dataset/91a1d04b-3ac2-4096-9cdd-a6062b1cb8e1/resource/1f1c6cd1-2e8e-4608-b5ae-4ce3700be3df/download/fd3473ec-b486-4aa9-8cc8-cd9d40eaff2c.pdf,d43e4b62c1d0ba9448f8f8b3748e7bd3d75f6d32a5768c024db14dc0a10eb59c,2026-09-30,unverified
BDA-RMP2031-ELU-PD35,BDA,BDA-RMP2031,plan_sheet,BDA Revised Master Plan 2031 - Land Use Maps - Planning District 35 (BETTAHALASURU - HUNASAMARANAHA,draft,"Draft, never approved",,,,PD 35 (BETTAHALASURU - HUNASAMARANAHA),,,https://data.opencity.in/dataset/91a1d04b-3ac2-4096-9cdd-a6062b1cb8e1/resource/96b7f3f9-48f5-4d05-af9b-32c68fd941cb/download/4acaacf0-4c62-4aba-b11e-70ca4a792c5f.pdf,438a04b980ceed18af184fa16cafbe8ebb50b3a381883a30016290bb342724b0,2026-09-30,unverified
BDA-RMP2031-ELU-PD36,BDA,BDA-RMP2031,plan_sheet,BDA Revised Master Plan 2031 - Land Use Maps - Planning District 36 (KUMBALGODU SPECIAL DEVELOPMENT,draft,"Draft, never approved",,,,PD 36 (KUMBALGODU SPECIAL DEVELOPMENT),,,https://data.opencity.in/dataset/91a1d04b-3ac2-4096-9cdd-a6062b1cb8e1/resource/8f140bf4-e8fe-4efa-9a07-54ccdcf60d0f/download/ca918352-3687-4f00-87a6-c1171fd4bd06.pdf,ab303286ee3b5a427d6aef18bd556ad92bce0152642da8aea8e9845e9f5f4780,2026-09-30,unverified
BDA-RMP2031-ELU-PD37,BDA,BDA-RMP2031,plan_sheet,BDA Revised Master Plan 2031 - Land Use Maps - Planning District 37 (DODDA ALADA MARA),draft,"Draft, never approved",,,,PD 37 (DODDA ALADA MARA),,,https://data.opencity.in/dataset/91a1d04b-3ac2-4096-9cdd-a6062b1cb8e1/resource/d3275448-cd27-4a28-8804-4eb3a9f56e57/download/8606601c-dd66-44d2-9e37-1875796257b6.pdf,ff8314b0e36f4c7849319756e894620f3f87bdf6269cc134ee36c5daeea1006e,2026-09-30,unverified
BDA-RMP2031-ELU-PD38,BDA,BDA-RMP2031,plan_sheet,BDA Revised Master Plan 2031 - Land Use Maps - Planning District 38 (SULIKERI - BHEEMANAKUPPE),draft,"Draft, never approved",,,,PD 38 (SULIKERI - BHEEMANAKUPPE),,,https://data.opencity.in/dataset/91a1d04b-3ac2-4096-9cdd-a6062b1cb8e1/resource/043dc564-bc9d-4e69-bfef-3c1cf03e1765/download/49362462-284e-4374-9888-aed5593184f8.pdf,f6dd69d6986bc68097616e3b98f3d5b6fdf8bf41104225f62f2c97310a6693dd,2026-09-30,unverified
BDA-RMP2031-ELU-PD39,BDA,BDA-RMP2031,plan_sheet,BDA Revised Master Plan 2031 - Land Use Maps - Planning District 39 (SHEEGEHALLI - YELACHAGUPPE SPE,draft,"Draft, never approved",,,,PD 39 (SHEEGEHALLI - YELACHAGUPPE SPE),,,https://data.opencity.in/dataset/91a1d04b-3ac2-4096-9cdd-a6062b1cb8e1/resource/b6408845-147d-4026-a970-e372e80dde96/download/f570746f-835c-4413-8722-e287ebbe74b6.pdf,c82daa4777dec986ffe2639e53adaddc070bee83a961475aa0b2c073c076aa92,2026-09-30,unverified
BDA-RMP2031-ELU-PD40,BDA,BDA-RMP2031,plan_sheet,BDA Revised Master Plan 2031 - Land Use Maps - Planning District 40 (MAKALI - MACHOHALLI),draft,"Draft, never approved",,,,PD 40 (MAKALI - MACHOHALLI),,,https://data.opencity.in/dataset/91a1d04b-3ac2-4096-9cdd-a6062b1cb8e1/resource/cdc2c5b2-5d4c-4d18-b531-91cb30d822fa/download/874350a8-f9cd-4b49-80fc-96f928294023.pdf,f7fe7e82167ce6f063e9dac22a5413cd182d1fe84dc33377d31822ec1c9ba490,2026-09-30,unverified
BDA-RMP2031-ELU-PD41,BDA,BDA-RMP2031,plan_sheet,BDA Revised Master Plan 2031 - Land Use Maps - Planning District 41 (ALURU),draft,"Draft, never approved",,,,PD 41 (ALURU),,,https://data.opencity.in/dataset/91a1d04b-3ac2-4096-9cdd-a6062b1cb8e1/resource/29e8d8c0-4def-4ac5-9db0-0f80e10d2c30/download/42a2f859-fd93-47f6-bfa8-8da427c08cf6.pdf,41437f14fceec18007151ce3aad034099a5e797ae75375d31d6f848c74b03cc5,2026-09-30,unverified
BDA-RMP2031-ELU-PD42,BDA,BDA-RMP2031,plan_sheet,BDA Revised Master Plan 2031 - Land Use Maps - Planning District 42 (RAJANAKUNTE),draft,"Draft, never approved",,,,PD 42 (RAJANAKUNTE),,,https://data.opencity.in/dataset/91a1d04b-3ac2-4096-9cdd-a6062b1cb8e1/resource/8331d86a-8170-4dbb-8e15-a2317c6a7483/download/3e619dc7-d7c7-455d-98bd-a6cf49a9954d.pdf,0588a5be016bf5b554e332a5f9b825c068964014adaceb84cfe0aa5068598031,2026-09-30,unverified
BDA-RMP2031-PDR-PLU-PD1,BDA,BDA-RMP2031,plan_sheet,Figure 2-2: PD 1 Proposed Land Use Map,draft,"Draft, never approved",,,,PD 1 (CENTRAL BUSINESS DISTRICT); PDR page 27,,,https://data.opencity.in/dataset/91a1d04b-3ac2-4096-9cdd-a6062b1cb8e1/resource/85026b75-1b67-4926-97c2-447917547be4/download/f9ea886d-c8b5-448e-8eb9-d27eaf784615.pdf,85446810de68e380c858de76ecd8b699d6b8693e9e486381d14d9b4b3c4029be,2026-09-30,unverified
BDA-RMP2031-PDR-PLU-PD2,BDA,BDA-RMP2031,plan_sheet,Figure 3-2: PD 2 Proposed Land Use Map,draft,"Draft, never approved",,,,PD 2 (INDIRANAGAR - KAGADASAPURA); PDR page 38,,,https://data.opencity.in/dataset/91a1d04b-3ac2-4096-9cdd-a6062b1cb8e1/resource/85026b75-1b67-4926-97c2-447917547be4/download/f9ea886d-c8b5-448e-8eb9-d27eaf784615.pdf,85446810de68e380c858de76ecd8b699d6b8693e9e486381d14d9b4b3c4029be,2026-09-30,unverified
BDA-RMP2031-PDR-PLU-PD3,BDA,BDA-RMP2031,plan_sheet,Figure 4-2: PD 3 Proposed Land Use Map,draft,"Draft, never approved",,,,PD 3 (AUSTIN TOWN-KORAMANGALA-HSR LAY); PDR page 48,,,https://data.opencity.in/dataset/91a1d04b-3ac2-4096-9cdd-a6062b1cb8e1/resource/85026b75-1b67-4926-97c2-447917547be4/download/f9ea886d-c8b5-448e-8eb9-d27eaf784615.pdf,85446810de68e380c858de76ecd8b699d6b8693e9e486381d14d9b4b3c4029be,2026-09-30,unverified
BDA-RMP2031-PDR-PLU-PD4,BDA,BDA-RMP2031,plan_sheet,Figure 5-2: PD 4 Proposed Land Use Map,draft,"Draft, never approved",,,,PD 4 (JAYANAGARA); PDR page 56,,,https://data.opencity.in/dataset/91a1d04b-3ac2-4096-9cdd-a6062b1cb8e1/resource/85026b75-1b67-4926-97c2-447917547be4/download/f9ea886d-c8b5-448e-8eb9-d27eaf784615.pdf,85446810de68e380c858de76ecd8b699d6b8693e9e486381d14d9b4b3c4029be,2026-09-30,unverified
BDA-RMP2031-PDR-PLU-PD5,BDA,BDA-RMP2031,plan_sheet,Figure 6-2: PD 5 Proposed Land Use Map,draft,"Draft, never approved",,,,PD 5 (RAJAJINAGAR-BAPUJI NAGAR-AZAD N); PDR page 64,,,https://data.opencity.in/dataset/91a1d04b-3ac2-4096-9cdd-a6062b1cb8e1/resource/85026b75-1b67-4926-97c2-447917547be4/download/f9ea886d-c8b5-448e-8eb9-d27eaf784615.pdf,85446810de68e380c858de76ecd8b699d6b8693e9e486381d14d9b4b3c4029be,2026-09-30,unverified
BDA-RMP2031-PDR-PLU-PD6,BDA,BDA-RMP2031,plan_sheet,Figure 7-2: PD 6 Proposed Land Use Map,draft,"Draft, never approved",,,,PD 6 (YESHWANTPUR-MALLESWARAM); PDR page 75,,,https://data.opencity.in/dataset/91a1d04b-3ac2-4096-9cdd-a6062b1cb8e1/resource/85026b75-1b67-4926-97c2-447917547be4/download/f9ea886d-c8b5-448e-8eb9-d27eaf784615.pdf,85446810de68e380c858de76ecd8b699d6b8693e9e486381d14d9b4b3c4029be,2026-09-30,unverified
BDA-RMP2031-PDR-PLU-PD7,BDA,BDA-RMP2031,plan_sheet,Figure 8-2: PD 7 Proposed Land Use Map,draft,"Draft, never approved",,,,PD 7 (RT NAGAR - HEBBAL-GKVK); PDR page 85,,,https://data.opencity.in/dataset/91a1d04b-3ac2-4096-9cdd-a6062b1cb8e1/resource/85026b75-1b67-4926-97c2-447917547be4/download/f9ea886d-c8b5-448e-8eb9-d27eaf784615.pdf,85446810de68e380c858de76ecd8b699d6b8693e9e486381d14d9b4b3c4029be,2026-09-30,unverified
BDA-RMP2031-PDR-PLU-PD8,BDA,BDA-RMP2031,plan_sheet,Figure 9-2: PD 08 Proposed Land Use Map,draft,"Draft, never approved",,,,PD 8 (THANISANDRA-NAGAWARA-RICHARDS T); PDR page 95,,,https://data.opencity.in/dataset/91a1d04b-3ac2-4096-9cdd-a6062b1cb8e1/resource/85026b75-1b67-4926-97c2-447917547be4/download/f9ea886d-c8b5-448e-8eb9-d27eaf784615.pdf,85446810de68e380c858de76ecd8b699d6b8693e9e486381d14d9b4b3c4029be,2026-09-30,unverified
BDA-RMP2031-PDR-PLU-PD9,BDA,BDA-RMP2031,plan_sheet,Figure 10-2 PD 09 Proposed Land Use Map,draft,"Draft, never approved",,,,PD 9 (BANSAWADI-HORAMAVU); PDR page 107,,,https://data.opencity.in/dataset/91a1d04b-3ac2-4096-9cdd-a6062b1cb8e1/resource/85026b75-1b67-4926-97c2-447917547be4/download/f9ea886d-c8b5-448e-8eb9-d27eaf784615.pdf,85446810de68e380c858de76ecd8b699d6b8693e9e486381d14d9b4b3c4029be,2026-09-30,unverified
BDA-RMP2031-PDR-PLU-PD10,BDA,BDA-RMP2031,plan_sheet,Figure 11-2: PD 10 Proposed Land Use Map,draft,"Draft, never approved",,,,PD 10 (KR PURAM - HOODI); PDR page 116,,,https://data.opencity.in/dataset/91a1d04b-3ac2-4096-9cdd-a6062b1cb8e1/resource/85026b75-1b67-4926-97c2-447917547be4/download/f9ea886d-c8b5-448e-8eb9-d27eaf784615.pdf,85446810de68e380c858de76ecd8b699d6b8693e9e486381d14d9b4b3c4029be,2026-09-30,unverified
BDA-RMP2031-PDR-PLU-PD11,BDA,BDA-RMP2031,plan_sheet,Figure 12-2: PD 11 Proposed Land Use Map,draft,"Draft, never approved",,,,PD 11 (DODDANEKKUNDI-WHITEFIELD); PDR page 127,,,https://data.opencity.in/dataset/91a1d04b-3ac2-4096-9cdd-a6062b1cb8e1/resource/85026b75-1b67-4926-97c2-447917547be4/download/f9ea886d-c8b5-448e-8eb9-d27eaf784615.pdf,85446810de68e380c858de76ecd8b699d6b8693e9e486381d14d9b4b3c4029be,2026-09-30,unverified
BDA-RMP2031-PDR-PLU-PD12,BDA,BDA-RMP2031,plan_sheet,Figure 13-2: PD 12 Proposed Land Use Map,draft,"Draft, never approved",,,,PD 12 (BELANDURU - HARALURU); PDR page 139,,,https://data.opencity.in/dataset/91a1d04b-3ac2-4096-9cdd-a6062b1cb8e1/resource/85026b75-1b67-4926-97c2-447917547be4/download/f9ea886d-c8b5-448e-8eb9-d27eaf784615.pdf,85446810de68e380c858de76ecd8b699d6b8693e9e486381d14d9b4b3c4029be,2026-09-30,unverified
BDA-RMP2031-PDR-PLU-PD13,BDA,BDA-RMP2031,plan_sheet,Figure 14-2: PD 13 Proposed Land Use Map,draft,"Draft, never approved",,,,PD 13 (PARAPPANA AGRAHARA-HULIMAVU); PDR page 150,,,https://data.opencity.in/dataset/91a1d04b-3ac2-4096-9cdd-a6062b1cb8e1/resource/85026b75-1b67-4926-97c2-447917547be4/download/f9ea886d-c8b5-448e-8eb9-d27eaf784615.pdf,85446810de68e380c858de76ecd8b699d6b8693e9e486381d14d9b4b3c4029be,2026-09-30,unverified
BDA-RMP2031-PDR-PLU-PD14,BDA,BDA-RMP2031,plan_sheet,Figure 15-2: PD 14 Proposed Land Use Map (printed caption: 'Figure 15-2: PD 14 Proposed Land Map'),draft,"Draft, never approved",,,,PD 14 (BANASHANKARI-BTM-MADIVALA); PDR page 162,,,https://data.opencity.in/dataset/91a1d04b-3ac2-4096-9cdd-a6062b1cb8e1/resource/85026b75-1b67-4926-97c2-447917547be4/download/f9ea886d-c8b5-448e-8eb9-d27eaf784615.pdf,85446810de68e380c858de76ecd8b699d6b8693e9e486381d14d9b4b3c4029be,2026-09-30,unverified
BDA-RMP2031-PDR-PLU-PD15,BDA,BDA-RMP2031,plan_sheet,Figure 16-2: PD 15 Proposed Land Use Map,draft,"Draft, never approved",,,,PD 15 (KATHRIGUPPE); PDR page 171,,,https://data.opencity.in/dataset/91a1d04b-3ac2-4096-9cdd-a6062b1cb8e1/resource/85026b75-1b67-4926-97c2-447917547be4/download/f9ea886d-c8b5-448e-8eb9-d27eaf784615.pdf,85446810de68e380c858de76ecd8b699d6b8693e9e486381d14d9b4b3c4029be,2026-09-30,unverified
BDA-RMP2031-PDR-PLU-PD16,BDA,BDA-RMP2031,plan_sheet,Figure 17-2: PD 16 Proposed Land Use Map (printed caption: 'Figure 17-2: PD 16 Proposed Land Map'),draft,"Draft, never approved",,,,PD 16 (GOTTIGERE); PDR page 179,,,https://data.opencity.in/dataset/91a1d04b-3ac2-4096-9cdd-a6062b1cb8e1/resource/85026b75-1b67-4926-97c2-447917547be4/download/f9ea886d-c8b5-448e-8eb9-d27eaf784615.pdf,85446810de68e380c858de76ecd8b699d6b8693e9e486381d14d9b4b3c4029be,2026-09-30,unverified
BDA-RMP2031-PDR-PLU-PD17,BDA,BDA-RMP2031,plan_sheet,Figure 18-2: PD 17 Proposed Land Use Map,draft,"Draft, never approved",,,,PD 17 (NAYANADAHALLI); PDR page 187,,,https://data.opencity.in/dataset/91a1d04b-3ac2-4096-9cdd-a6062b1cb8e1/resource/85026b75-1b67-4926-97c2-447917547be4/download/f9ea886d-c8b5-448e-8eb9-d27eaf784615.pdf,85446810de68e380c858de76ecd8b699d6b8693e9e486381d14d9b4b3c4029be,2026-09-30,unverified
BDA-RMP2031-PDR-PLU-PD18,BDA,BDA-RMP2031,plan_sheet,Figure 19-2: PD 18 Proposed Land Use Map,draft,"Draft, never approved",,,,PD 18 (PEENYA - NAGARBHAVI); PDR page 195,,,https://data.opencity.in/dataset/91a1d04b-3ac2-4096-9cdd-a6062b1cb8e1/resource/85026b75-1b67-4926-97c2-447917547be4/download/f9ea886d-c8b5-448e-8eb9-d27eaf784615.pdf,85446810de68e380c858de76ecd8b699d6b8693e9e486381d14d9b4b3c4029be,2026-09-30,unverified
BDA-RMP2031-PDR-PLU-PD19,BDA,BDA-RMP2031,plan_sheet,Figure 20-2: PD 19 Proposed Land Use Map,draft,"Draft, never approved",,,,PD 19; PDR page 202,,,https://data.opencity.in/dataset/91a1d04b-3ac2-4096-9cdd-a6062b1cb8e1/resource/85026b75-1b67-4926-97c2-447917547be4/download/f9ea886d-c8b5-448e-8eb9-d27eaf784615.pdf,85446810de68e380c858de76ecd8b699d6b8693e9e486381d14d9b4b3c4029be,2026-09-30,unverified
BDA-RMP2031-PDR-PLU-PD20,BDA,BDA-RMP2031,plan_sheet,Figure 21-2: PD 20 Proposed Land Use Map,draft,"Draft, never approved",,,,PD 20 (YELAHANKA); PDR page 209,,,https://data.opencity.in/dataset/91a1d04b-3ac2-4096-9cdd-a6062b1cb8e1/resource/85026b75-1b67-4926-97c2-447917547be4/download/f9ea886d-c8b5-448e-8eb9-d27eaf784615.pdf,85446810de68e380c858de76ecd8b699d6b8693e9e486381d14d9b4b3c4029be,2026-09-30,unverified
BDA-RMP2031-PDR-PLU-PD21,BDA,BDA-RMP2031,plan_sheet,Figure 22-2: PD 21 Proposed Land Use Map,draft,"Draft, never approved",,,,PD 21 (MARENAHALLI-KANNUR); PDR page 216,,,https://data.opencity.in/dataset/91a1d04b-3ac2-4096-9cdd-a6062b1cb8e1/resource/85026b75-1b67-4926-97c2-447917547be4/download/f9ea886d-c8b5-448e-8eb9-d27eaf784615.pdf,85446810de68e380c858de76ecd8b699d6b8693e9e486381d14d9b4b3c4029be,2026-09-30,unverified
BDA-RMP2031-PDR-PLU-PD22,BDA,BDA-RMP2031,plan_sheet,Figure 23-2: PD 22 Proposed Land Use Map,draft,"Draft, never approved",,,,PD 22 (BIDARAHALLI); PDR page 222,,,https://data.opencity.in/dataset/91a1d04b-3ac2-4096-9cdd-a6062b1cb8e1/resource/85026b75-1b67-4926-97c2-447917547be4/download/f9ea886d-c8b5-448e-8eb9-d27eaf784615.pdf,85446810de68e380c858de76ecd8b699d6b8693e9e486381d14d9b4b3c4029be,2026-09-30,unverified
BDA-RMP2031-PDR-PLU-PD23,BDA,BDA-RMP2031,plan_sheet,Figure 24-2: PD 23 Proposed Land Use Map,draft,"Draft, never approved",,,,PD 23 (CHEEMASANDRA SPECIAL DEVELOPME); PDR page 228,,,https://data.opencity.in/dataset/91a1d04b-3ac2-4096-9cdd-a6062b1cb8e1/resource/85026b75-1b67-4926-97c2-447917547be4/download/f9ea886d-c8b5-448e-8eb9-d27eaf784615.pdf,85446810de68e380c858de76ecd8b699d6b8693e9e486381d14d9b4b3c4029be,2026-09-30,unverified
BDA-RMP2031-PDR-PLU-PD24,BDA,BDA-RMP2031,plan_sheet,Figure 25-2: PD 24 Proposed Land Use Map,draft,"Draft, never approved",,,,PD 24 (VARTHUR -GUNJUR); PDR page 235,,,https://data.opencity.in/dataset/91a1d04b-3ac2-4096-9cdd-a6062b1cb8e1/resource/85026b75-1b67-4926-97c2-447917547be4/download/f9ea886d-c8b5-448e-8eb9-d27eaf784615.pdf,85446810de68e380c858de76ecd8b699d6b8693e9e486381d14d9b4b3c4029be,2026-09-30,unverified
BDA-RMP2031-PDR-PLU-PD25,BDA,BDA-RMP2031,plan_sheet,Figure 26-2: PD 25 Proposed Land Use Map,draft,"Draft, never approved",,,,PD 25 (HALANAYAKANAHALLI - KODATHI SP); PDR page 244,,,https://data.opencity.in/dataset/91a1d04b-3ac2-4096-9cdd-a6062b1cb8e1/resource/85026b75-1b67-4926-97c2-447917547be4/download/f9ea886d-c8b5-448e-8eb9-d27eaf784615.pdf,85446810de68e380c858de76ecd8b699d6b8693e9e486381d14d9b4b3c4029be,2026-09-30,unverified
BDA-RMP2031-PDR-PLU-PD26,BDA,BDA-RMP2031,plan_sheet,Figure 27-2: PD 26 Proposed Land Use Map,draft,"Draft, never approved",,,,PD 26 (DOMMASANDRA SPECIAL DEVELOPMEN); PDR page 252,,,https://data.opencity.in/dataset/91a1d04b-3ac2-4096-9cdd-a6062b1cb8e1/resource/85026b75-1b67-4926-97c2-447917547be4/download/f9ea886d-c8b5-448e-8eb9-d27eaf784615.pdf,85446810de68e380c858de76ecd8b699d6b8693e9e486381d14d9b4b3c4029be,2026-09-30,unverified
BDA-RMP2031-PDR-PLU-PD27,BDA,BDA-RMP2031,plan_sheet,Figure 28-2: PD 27 Proposed Land Use Map,draft,"Draft, never approved",,,,PD 27 (SINGASANDRA - HEBBAGODI - KOMM); PDR page 260,,,https://data.opencity.in/dataset/91a1d04b-3ac2-4096-9cdd-a6062b1cb8e1/resource/85026b75-1b67-4926-97c2-447917547be4/download/f9ea886d-c8b5-448e-8eb9-d27eaf784615.pdf,85446810de68e380c858de76ecd8b699d6b8693e9e486381d14d9b4b3c4029be,2026-09-30,unverified
BDA-RMP2031-PDR-PLU-PD28,BDA,BDA-RMP2031,plan_sheet,Figure 29-2: PD 28 Proposed Landuse Map,draft,"Draft, never approved",,,,PD 28 (ELECTRONIC CITY - DODDATHOGURU); PDR page 267,,,https://data.opencity.in/dataset/91a1d04b-3ac2-4096-9cdd-a6062b1cb8e1/resource/85026b75-1b67-4926-97c2-447917547be4/download/f9ea886d-c8b5-448e-8eb9-d27eaf784615.pdf,85446810de68e380c858de76ecd8b699d6b8693e9e486381d14d9b4b3c4029be,2026-09-30,unverified
BDA-RMP2031-PDR-PLU-PD29,BDA,BDA-RMP2031,plan_sheet,Figure 30-2 PD 29 Proposed Land Use Map,draft,"Draft, never approved",,,,PD 29 (HULIMANGAL); PDR page 274,,,https://data.opencity.in/dataset/91a1d04b-3ac2-4096-9cdd-a6062b1cb8e1/resource/85026b75-1b67-4926-97c2-447917547be4/download/f9ea886d-c8b5-448e-8eb9-d27eaf784615.pdf,85446810de68e380c858de76ecd8b699d6b8693e9e486381d14d9b4b3c4029be,2026-09-30,unverified
BDA-RMP2031-PDR-PLU-PD30,BDA,BDA-RMP2031,plan_sheet,Figure 31-5: PD 30 Proposed Land Use Map,draft,"Draft, never approved",,,,PD 30 (BANNERUGHATTA); PDR page 283,,,https://data.opencity.in/dataset/91a1d04b-3ac2-4096-9cdd-a6062b1cb8e1/resource/85026b75-1b67-4926-97c2-447917547be4/download/f9ea886d-c8b5-448e-8eb9-d27eaf784615.pdf,85446810de68e380c858de76ecd8b699d6b8693e9e486381d14d9b4b3c4029be,2026-09-30,unverified
BDA-RMP2031-PDR-PLU-PD31,BDA,BDA-RMP2031,plan_sheet,Figure 32-2: PD 31 Proposed Land Use Map,draft,"Draft, never approved",,,,PD 31 (AGARA); PDR page 289,,,https://data.opencity.in/dataset/91a1d04b-3ac2-4096-9cdd-a6062b1cb8e1/resource/85026b75-1b67-4926-97c2-447917547be4/download/f9ea886d-c8b5-448e-8eb9-d27eaf784615.pdf,85446810de68e380c858de76ecd8b699d6b8693e9e486381d14d9b4b3c4029be,2026-09-30,unverified
BDA-RMP2031-PDR-PLU-PD32,BDA,BDA-RMP2031,plan_sheet,Figure 33-2: PD 32 Proposed Land Use Map,draft,"Draft, never approved",,,,PD 32 (ULLALU - KENGERI); PDR page 296,,,https://data.opencity.in/dataset/91a1d04b-3ac2-4096-9cdd-a6062b1cb8e1/resource/85026b75-1b67-4926-97c2-447917547be4/download/f9ea886d-c8b5-448e-8eb9-d27eaf784615.pdf,85446810de68e380c858de76ecd8b699d6b8693e9e486381d14d9b4b3c4029be,2026-09-30,unverified
BDA-RMP2031-PDR-PLU-PD33,BDA,BDA-RMP2031,plan_sheet,Figure 34-2: PD 33 Proposed Land Use Map,draft,"Draft, never approved",,,,PD 33 (HEROHALLI); PDR page 305,,,https://data.opencity.in/dataset/91a1d04b-3ac2-4096-9cdd-a6062b1cb8e1/resource/85026b75-1b67-4926-97c2-447917547be4/download/f9ea886d-c8b5-448e-8eb9-d27eaf784615.pdf,85446810de68e380c858de76ecd8b699d6b8693e9e486381d14d9b4b3c4029be,2026-09-30,unverified
BDA-RMP2031-PDR-PLU-PD34,BDA,BDA-RMP2031,plan_sheet,Figure 35-2: PD 34 Proposed Land Use Map,draft,"Draft, never approved",,,,PD 34 (CHIKKABANWARA); PDR page 313,,,https://data.opencity.in/dataset/91a1d04b-3ac2-4096-9cdd-a6062b1cb8e1/resource/85026b75-1b67-4926-97c2-447917547be4/download/f9ea886d-c8b5-448e-8eb9-d27eaf784615.pdf,85446810de68e380c858de76ecd8b699d6b8693e9e486381d14d9b4b3c4029be,2026-09-30,unverified
BDA-RMP2031-PDR-PLU-PD35,BDA,BDA-RMP2031,plan_sheet,Figure 36-2: PD 35 Proposed Land Use Map,draft,"Draft, never approved",,,,PD 35 (BETTAHALASURU - HUNASAMARANAHA); PDR page 320,,,https://data.opencity.in/dataset/91a1d04b-3ac2-4096-9cdd-a6062b1cb8e1/resource/85026b75-1b67-4926-97c2-447917547be4/download/f9ea886d-c8b5-448e-8eb9-d27eaf784615.pdf,85446810de68e380c858de76ecd8b699d6b8693e9e486381d14d9b4b3c4029be,2026-09-30,unverified
BDA-RMP2031-PDR-PLU-PD36,BDA,BDA-RMP2031,plan_sheet,Figure 37-2: PD 36 Proposed Land Use Map,draft,"Draft, never approved",,,,PD 36 (KUMBALGODU SPECIAL DEVELOPMENT); PDR page 328,,,https://data.opencity.in/dataset/91a1d04b-3ac2-4096-9cdd-a6062b1cb8e1/resource/85026b75-1b67-4926-97c2-447917547be4/download/f9ea886d-c8b5-448e-8eb9-d27eaf784615.pdf,85446810de68e380c858de76ecd8b699d6b8693e9e486381d14d9b4b3c4029be,2026-09-30,unverified
BDA-RMP2031-PDR-PLU-PD37,BDA,BDA-RMP2031,plan_sheet,Figure 38-2: PD 37 Proposed Land Use Map,draft,"Draft, never approved",,,,PD 37 (DODDA ALADA MARA); PDR page 335,,,https://data.opencity.in/dataset/91a1d04b-3ac2-4096-9cdd-a6062b1cb8e1/resource/85026b75-1b67-4926-97c2-447917547be4/download/f9ea886d-c8b5-448e-8eb9-d27eaf784615.pdf,85446810de68e380c858de76ecd8b699d6b8693e9e486381d14d9b4b3c4029be,2026-09-30,unverified
BDA-RMP2031-PDR-PLU-PD38,BDA,BDA-RMP2031,plan_sheet,Figure 39-2: PD 38 Proposed Land Use Map,draft,"Draft, never approved",,,,PD 38 (SULIKERI - BHEEMANAKUPPE); PDR page 341,,,https://data.opencity.in/dataset/91a1d04b-3ac2-4096-9cdd-a6062b1cb8e1/resource/85026b75-1b67-4926-97c2-447917547be4/download/f9ea886d-c8b5-448e-8eb9-d27eaf784615.pdf,85446810de68e380c858de76ecd8b699d6b8693e9e486381d14d9b4b3c4029be,2026-09-30,unverified
BDA-RMP2031-PDR-PLU-PD39,BDA,BDA-RMP2031,plan_sheet,Figure 40-2: PD 39 Proposed Land Use Map,draft,"Draft, never approved",,,,PD 39 (SHEEGEHALLI - YELACHAGUPPE SPE); PDR page 348,,,https://data.opencity.in/dataset/91a1d04b-3ac2-4096-9cdd-a6062b1cb8e1/resource/85026b75-1b67-4926-97c2-447917547be4/download/f9ea886d-c8b5-448e-8eb9-d27eaf784615.pdf,85446810de68e380c858de76ecd8b699d6b8693e9e486381d14d9b4b3c4029be,2026-09-30,unverified
BDA-RMP2031-PDR-PLU-PD40,BDA,BDA-RMP2031,plan_sheet,Figure 41-2: PD 40 Proposed Land Use Map,draft,"Draft, never approved",,,,PD 40 (MAKALI - MACHOHALLI); PDR page 356,,,https://data.opencity.in/dataset/91a1d04b-3ac2-4096-9cdd-a6062b1cb8e1/resource/85026b75-1b67-4926-97c2-447917547be4/download/f9ea886d-c8b5-448e-8eb9-d27eaf784615.pdf,85446810de68e380c858de76ecd8b699d6b8693e9e486381d14d9b4b3c4029be,2026-09-30,unverified
BDA-RMP2031-PDR-PLU-PD41,BDA,BDA-RMP2031,plan_sheet,Figure 42-2: PD 41 Proposed Land Use Map,draft,"Draft, never approved",,,,PD 41 (ALURU); PDR page 364,,,https://data.opencity.in/dataset/91a1d04b-3ac2-4096-9cdd-a6062b1cb8e1/resource/85026b75-1b67-4926-97c2-447917547be4/download/f9ea886d-c8b5-448e-8eb9-d27eaf784615.pdf,85446810de68e380c858de76ecd8b699d6b8693e9e486381d14d9b4b3c4029be,2026-09-30,unverified
BDA-RMP2031-PDR-PLU-PD42,BDA,BDA-RMP2031,plan_sheet,Figure 43-2: PD 42 Proposed Land Use Map,draft,"Draft, never approved",,,,PD 42 (RAJANAKUNTE); PDR page 372,,,https://data.opencity.in/dataset/91a1d04b-3ac2-4096-9cdd-a6062b1cb8e1/resource/85026b75-1b67-4926-97c2-447917547be4/download/f9ea886d-c8b5-448e-8eb9-d27eaf784615.pdf,85446810de68e380c858de76ecd8b699d6b8693e9e486381d14d9b4b3c4029be,2026-09-30,unverified
BMRDA-HSK-MP2031-LPAMAP,BMRDA-HSK,BMRDA-HSK-MP2031,plan_sheet,Hoskote Local Planning Area Map (LPA map page),final,"Final, sanctioned","Subject to the High Court's final judgment in W.P. 4188/2016 (condition 1 of GO UDD 152 BMR 2013, 30-01-2018)",UDD 152 BMR 2013,2018-01-30,Hoskote LPA,,,http://hoskote.tpa.gov.in/sites/hoskote.tpa.gov.in/files/Hoskote%20Local%20Planning%20Area%20Map.pdf,2fea31af1b8fa5683d0b0a9d2bf005f0e0b1c7ca7b9f0e82238f2ee9fbf23d87,2026-10-01,unverified
BMRDA-HSK-MP2031-MP,BMRDA-HSK,BMRDA-HSK-MP2031,plan_sheet,Master Plans (master plan page),final,"Final, sanctioned","Subject to the High Court's final judgment in W.P. 4188/2016 (condition 1 of GO UDD 152 BMR 2013, 30-01-2018)",UDD 152 BMR 2013,2018-01-30,Hoskote LPA,,,http://hoskote.tpa.gov.in/sites/hoskote.tpa.gov.in/files/Master_Plans.pdf,0e9d83493afa0d00875b7c672b72228b47a96321a1c00af1a98b1d397f67c22e,2026-10-01,unverified
BMRDA-HSK-MP2031-MPR,BMRDA-HSK,BMRDA-HSK-MP2031,plan_report,MP Report final (reports page),final,"Final, sanctioned","Subject to the High Court's final judgment in W.P. 4188/2016 (condition 1 of GO UDD 152 BMR 2013, 30-01-2018)",UDD 152 BMR 2013,2018-01-30,Hoskote LPA,,,http://hoskote.tpa.gov.in/sites/hoskote.tpa.gov.in/files/MP%20Report%20final%20(1).compressed.pdf,b6d043ba6b660ba82f0857ccebf1dbd82d5eec69e858a2b44b3d18c9ed7940e3,2026-10-01,unverified
BMRDA-HSK-MP2031-ZR,BMRDA-HSK,BMRDA-HSK-MP2031,zr,"Zonal Regulations-2031 (zonal regulation page) [Cover says '(Final)', inner pages 'Master Plan (Provisional)'; final GO UDD 152 BMR 2013 (30-01-2018) approves the report and land-use maps, not the ZR]",draft,Draft: published with the final plan; the GO does not name it,,,,Hoskote LPA,,,http://hoskote.tpa.gov.in/sites/hoskote.tpa.gov.in/files/Zonal%20Regulations-2031.pdf,09cc9fbdf62979545705c2b35257c9e14ea4ebe9699fa6e3b531ce89030ee1fd,2026-10-01,unverified
BMRDA-HSK-MP2031-ZRR,BMRDA-HSK,BMRDA-HSK-MP2031,zr,HOSKOTE ZR REPORT -2031 final signed (zonal regulation page) [Zonal Regulations Vol III marked Final; the final GO does not name the ZR],draft,Draft: published with the final plan; the GO does not name it,,,,Hoskote LPA,,,http://hoskote.tpa.gov.in/sites/hoskote.tpa.gov.in/files/HOSKOTE_ZR%20REPORT_-2031_finalsigned.pdf,3e2c1b1855d1a2e02c5caa3cd4a0f1fc04edf4804735057b17806fd880e7c7bf,2026-10-01,unverified
BMRDA-HSK-MP2031-GO-FINALORDER,BMRDA-HSK,BMRDA-HSK-MP2031,go,final order (government orders page),final,"Final, sanctioned","Subject to the High Court's final judgment in W.P. 4188/2016 (condition 1 of GO UDD 152 BMR 2013, 30-01-2018)",UDD 152 BMR 2013,2018-01-30,Hoskote LPA,,,http://hoskote.tpa.gov.in/sites/hoskote.tpa.gov.in/files/final%20order.pdf,ea7513ea599f701e3bbdf5634ff98301015cc2f31ee87872e2c208d41be95a9e,2026-10-01,unverified
BMRDA-HSK-MP2031-GO-PROCEEDINGS,BMRDA-HSK,BMRDA-HSK-MP2031,go,Proceedings of Govt of Karnataka (government orders page),reference,Reference: 2006 proceedings on new integrated townships in the BMR,,,,Hoskote LPA,,,http://hoskote.tpa.gov.in/sites/hoskote.tpa.gov.in/files/Proceedings%20of%20Govt%20of%20Karnataka.pdf,6f9d422cbfffd7796440041b6c3fc85a3ff47f9489563b89eb407540db358a1b,2026-10-01,unverified
BMRDA-HSK-MP2031-GO-SEC5-10,BMRDA-HSK,BMRDA-HSK-MP2031,go,sec 5-10 (government orders page),reference,Reference: GO UDD 53 BMR 2013 (04-03-2013) empowering BMRDA to prepare the five LPA master plans,,UDD 53 BMR 2013,2013-03-04,Hoskote LPA,,,http://hoskote.tpa.gov.in/sites/hoskote.tpa.gov.in/files/sec%205-10.pdf,97f68597512f36857fad2a02b8b57b1b46ab3c76761a7611891e52f6bd25b896,2026-10-01,unverified
BMRDA-HSK-MP2031-GO-UDD118-2003,BMRDA-HSK,BMRDA-HSK-MP2031,go,UDD 118 Bemrupra 2003 Notification (government notifications page),reference,"Reference: LPA declaration, GO UDD 118 Bem Ru Pra 2003 (03-03-2006, per the MP report)",,UDD 118 Bem Ru Pra 2003,2006-03-03,Hoskote LPA,,,http://hoskote.tpa.gov.in/sites/hoskote.tpa.gov.in/files/UDD%20118%20Bemrupra%202003%20Notification.pdf,af967f1b99d54faffb3cdb74289ad8c9d01c2730d346434149ccb97e33029316,2026-10-01,unverified
BMRDA-HSK-MP2031-GO-NOTIF2,BMRDA-HSK,BMRDA-HSK-MP2031,go,notification 2 (government notifications page),reference,Reference: notification UDD 31 BRA 2006 (19-07-2006) constituting the planning authorities,,UDD 31 BRA 2006,2006-07-19,Hoskote LPA,,,http://hoskote.tpa.gov.in/sites/hoskote.tpa.gov.in/files/notification%202.pdf,2585ca955b7c608ea6731b34e2a6cec68d8e17807d1aa27550f868b005455663,2026-10-01,unverified
BMRDA-NLM-MP2031-ZR,BMRDA-NLM,BMRDA-NLM-MP2031,zr,"NPA Zoning Regulation 2031 (zonal regulation page) [Final GO UDD 150 BMR 2013 (01-06-2015) approves the report and land-use maps, not the ZR]",draft,Draft: published with the final plan; the GO does not name it,,,,Nelamangala LPA,,,http://nelamangala.tpa.gov.in/sites/nelamangala.tpa.gov.in/files/1%20NPA_ZONING_REGULATION_2031.pdf,8f96e177dd2e12858e8bf8b6423e15b9b2d12da05610d6568c5580dcf704b28c,2026-10-01,unverified
BMRDA-NLM-MP2031-CIRCU,BMRDA-NLM,BMRDA-NLM-MP2031,reference,CIRCU (master plan page),reference,Reference: circular linked on the master plan page,,,,Nelamangala LPA,,,http://nelamangala.tpa.gov.in/sites/nelamangala.tpa.gov.in/files/CIRCU.pdf,b5e7cf5f5075f7230861f4c5d6686748db1b94988163ab598fb7c511e84b7ffd,2026-10-01,unverified
BMRDA-NLM-MP2031-GO-GOVTORDER,BMRDA-NLM,BMRDA-NLM-MP2031,go,Govt Order (government notifications page),reference,Reference: 2006 proceedings on new integrated townships in the BMR,,,,Nelamangala LPA,,,http://nelamangala.tpa.gov.in/sites/nelamangala.tpa.gov.in/files/Govt%20Order.pdf,64a41b06b3b4c0a699d525699db99921015293f184fcb13c64603ab742f092af,2026-10-01,unverified
BMRDA-NLM-MP2031-GO-PROVISIONAL,BMRDA-NLM,BMRDA-NLM-MP2031,go,PROVISIONAL (government notifications page),superseded,"Superseded: provisional approval UDD 150 BMR 2013 (16-09-2013), replaced by the final GO of 01-06-2015",,UDD 150 BMR 2013,2013-09-16,Nelamangala LPA,,,http://nelamangala.tpa.gov.in/sites/nelamangala.tpa.gov.in/files/PROVISIONAL.pdf,9e336c28892d061cb4f5c5345e44564b78e782d2578555adbf3815ea180c287a,2026-10-01,unverified
BMRDA-NLM-MP2031-GO-FINAL,BMRDA-NLM,BMRDA-NLM-MP2031,go,FINAL (government notifications page),final,"Final, sanctioned",,UDD 150 BMR 2013,2015-06-01,Nelamangala LPA,,,http://nelamangala.tpa.gov.in/sites/nelamangala.tpa.gov.in/files/FINAL.pdf,ee39d8f5e8af0d47e8cc19528b56a83c8123ba671be2cdaa942812c41ccd40ef,2026-10-01,unverified
BMRDA-NLM-MP2031-GO-UDDREVISED,BMRDA-NLM,BMRDA-NLM-MP2031,go,UDD REVISED (government notifications page),reference,"Reference: notification UDD 141 BMR 2015 (08-12-2015) adding 37 villages of Madhure hobli to the LPA, agricultural zone until the plan is revised",,UDD 141 BMR 2015,2015-12-08,Nelamangala LPA,,,http://nelamangala.tpa.gov.in/sites/nelamangala.tpa.gov.in/files/UDD%20REVISED.pdf,444453ceca0f14a842ab3bd03be8a38587133c0d36b84d2d7ea8d526d0842c93,2026-10-01,unverified
BMRDA-NLM-MP2031-MAP002,BMRDA-NLM,BMRDA-NLM-MP2031,plan_sheet,"NPA Master Plan Final 2031 maps, sheet 002 (LPA map page)",final,"Final, sanctioned",,UDD 150 BMR 2013,2015-06-01,Nelamangala LPA,,,http://nelamangala.tpa.gov.in/sites/nelamangala.tpa.gov.in/files/2.%20NPA_MASTER_PLAN_FINAL-2031_MAPS(Autosaved)_002.pdf,77609257caf99adb1b11f0b165aa232aade0c407b2afe4d9ccd89ae415cfb07a,2026-10-01,unverified
BMRDA-NLM-MP2031-MAP003,BMRDA-NLM,BMRDA-NLM-MP2031,plan_sheet,"NPA Master Plan Final 2031 maps, sheet 003 (master plan page)",final,"Final, sanctioned",,UDD 150 BMR 2013,2015-06-01,Nelamangala LPA,,,http://nelamangala.tpa.gov.in/sites/nelamangala.tpa.gov.in/files/2.%20NPA_MASTER_PLAN_FINAL-2031_MAPS(Autosaved)_003.pdf,c1235ad0e9f0d5d4be7007a701d0dff3be4d65a3f2d34da3196568513846cb53,2026-10-01,unverified
BMRDA-NLM-MP2031-MAP004,BMRDA-NLM,BMRDA-NLM-MP2031,plan_sheet,"NPA Master Plan Final 2031 maps, sheet 004 (master plan page)",final,"Final, sanctioned",,UDD 150 BMR 2013,2015-06-01,Nelamangala LPA,,,http://nelamangala.tpa.gov.in/sites/nelamangala.tpa.gov.in/files/2.%20NPA_MASTER_PLAN_FINAL-2031_MAPS(Autosaved)_004.pdf,07d4273e360dab41522fbd59c67e7839f7f2549fc932f111830a542ea29e8ffd,2026-10-01,unverified
BMRDA-NLM-MP2031-MAP005,BMRDA-NLM,BMRDA-NLM-MP2031,plan_sheet,"NPA Master Plan Final 2031 maps, sheet 005 (master plan page)",final,"Final, sanctioned",,UDD 150 BMR 2013,2015-06-01,Nelamangala LPA,,,http://nelamangala.tpa.gov.in/sites/nelamangala.tpa.gov.in/files/2.%20NPA_MASTER_PLAN_FINAL-2031_MAPS(Autosaved)_005.pdf,6fc8577ffc78d90cadf07d2650eedb07d777befc7e9740ba86f3a88e85ebe670,2026-10-01,unverified
BMRDA-NLM-MP2031-MAP006,BMRDA-NLM,BMRDA-NLM-MP2031,plan_sheet,"NPA Master Plan Final 2031 maps, sheet 006 (master plan page)",final,"Final, sanctioned",,UDD 150 BMR 2013,2015-06-01,Nelamangala LPA,,,http://nelamangala.tpa.gov.in/sites/nelamangala.tpa.gov.in/files/2.%20NPA_MASTER_PLAN_FINAL-2031_MAPS(Autosaved)_006.pdf,af943dfe7e697b835f46274b87f3edb7e0e0e18f3b6009fa747e2311ad249bce,2026-10-01,unverified
BMRDA-NLM-MP2031-MAP007,BMRDA-NLM,BMRDA-NLM-MP2031,plan_sheet,"NPA Master Plan Final 2031 maps, sheet 007 (master plan page)",final,"Final, sanctioned",,UDD 150 BMR 2013,2015-06-01,Nelamangala LPA,,,http://nelamangala.tpa.gov.in/sites/nelamangala.tpa.gov.in/files/2.%20NPA_MASTER_PLAN_FINAL-2031_MAPS(Autosaved)_007.pdf,3f0066ee0162a7a22baad9fedbeecc1f4b1d349952eef8bb25cedc9756cf2852,2026-10-01,unverified
BMRDA-NLM-MP2031-MAP008,BMRDA-NLM,BMRDA-NLM-MP2031,plan_sheet,"NPA Master Plan Final 2031 maps, sheet 008 (master plan page)",final,"Final, sanctioned",,UDD 150 BMR 2013,2015-06-01,Nelamangala LPA,,,http://nelamangala.tpa.gov.in/sites/nelamangala.tpa.gov.in/files/2.%20NPA_MASTER_PLAN_FINAL-2031_MAPS(Autosaved)_008.pdf,6700541cb4d18193db68c0916b88ba3b1b71f6b01c7453d89b86d75bd422bc28,2026-10-01,unverified
BMRDA-NLM-MP2031-MAP009,BMRDA-NLM,BMRDA-NLM-MP2031,plan_sheet,"NPA Master Plan Final 2031 maps, sheet 009 (master plan page)",final,"Final, sanctioned",,UDD 150 BMR 2013,2015-06-01,Nelamangala LPA,,,http://nelamangala.tpa.gov.in/sites/nelamangala.tpa.gov.in/files/2.%20NPA_MASTER_PLAN_FINAL-2031_MAPS(Autosaved)_009.pdf,f53ab98116b54449e6b5b0c1e3ed742dd5a4e92e0e63decaeb5dfefa376a5197,2026-10-01,unverified
BMRDA-NLM-MP2031-MAP010,BMRDA-NLM,BMRDA-NLM-MP2031,plan_sheet,"NPA Master Plan Final 2031 maps, sheet 010 (master plan page)",final,"Final, sanctioned",,UDD 150 BMR 2013,2015-06-01,Nelamangala LPA,,,http://nelamangala.tpa.gov.in/sites/nelamangala.tpa.gov.in/files/2.%20NPA_MASTER_PLAN_FINAL-2031_MAPS(Autosaved)_010.pdf,25ce14b3f1281e9c6f87e7c298e3812e5a6a3256a6a2d3cb27c549b7700c637f,2026-10-01,unverified
BMRDA-NLM-MP2031-MAP011,BMRDA-NLM,BMRDA-NLM-MP2031,plan_sheet,"NPA Master Plan Final 2031 maps, sheet 011 (master plan page)",final,"Final, sanctioned",,UDD 150 BMR 2013,2015-06-01,Nelamangala LPA,,,http://nelamangala.tpa.gov.in/sites/nelamangala.tpa.gov.in/files/2.%20NPA_MASTER_PLAN_FINAL-2031_MAPS(Autosaved)_011.pdf,1772f91d5d993cd6e11c3b07a8e60c1d612cffaa4ca96d5af251320edbe0dc8d,2026-10-01,unverified
BMRDA-NLM-MP2031-MAP012,BMRDA-NLM,BMRDA-NLM-MP2031,plan_sheet,"NPA Master Plan Final 2031 maps, sheet 012 (master plan page)",final,"Final, sanctioned",,UDD 150 BMR 2013,2015-06-01,Nelamangala LPA,,,http://nelamangala.tpa.gov.in/sites/nelamangala.tpa.gov.in/files/2.%20NPA_MASTER_PLAN_FINAL-2031_MAPS(Autosaved)_012.jpg,d440274c5e06bbeb468b960f0239650ecbb89a6496c11200bf9327d151b99c24,2026-10-01,unverified
BMRDA-NLM-MP2031-MAP013,BMRDA-NLM,BMRDA-NLM-MP2031,plan_sheet,"NPA Master Plan Final 2031 maps, sheet 013 (master plan page)",final,"Final, sanctioned",,UDD 150 BMR 2013,2015-06-01,Nelamangala LPA,,,http://nelamangala.tpa.gov.in/sites/nelamangala.tpa.gov.in/files/2.%20NPA_MASTER_PLAN_FINAL-2031_MAPS(Autosaved)_013.pdf,47290bda862ea4a87513a426da2a3d6d961ae520e0af0b527a23df276e914051,2026-10-01,unverified
BMRDA-NLM-MP2031-MAP014,BMRDA-NLM,BMRDA-NLM-MP2031,plan_sheet,"NPA Master Plan Final 2031 maps, sheet 014 (master plan page)",final,"Final, sanctioned",,UDD 150 BMR 2013,2015-06-01,Nelamangala LPA,,,http://nelamangala.tpa.gov.in/sites/nelamangala.tpa.gov.in/files/2.%20NPA_MASTER_PLAN_FINAL-2031_MAPS(Autosaved)_014.pdf,22eb2eabd4978ce0c82bfa56be1acb706de0d695e4e8a5f8d041d25b1e950af1,2026-10-01,unverified
BMRDA-NLM-MP2031-MAP015,BMRDA-NLM,BMRDA-NLM-MP2031,plan_sheet,"NPA Master Plan Final 2031 maps, sheet 015 (master plan page)",final,"Final, sanctioned",,UDD 150 BMR 2013,2015-06-01,Nelamangala LPA,,,http://nelamangala.tpa.gov.in/sites/nelamangala.tpa.gov.in/files/2.%20NPA_MASTER_PLAN_FINAL-2031_MAPS(Autosaved)_015.pdf,baaa1413dd5ea4ce920d2029be1e18edb038ecd691f0f8eaaee20bec24ba9161,2026-10-01,unverified
BMRDA-NLM-MP2031-MAP017,BMRDA-NLM,BMRDA-NLM-MP2031,plan_sheet,"NPA Master Plan Final 2031 maps, sheet 017 (master plan page)",final,"Final, sanctioned",,UDD 150 BMR 2013,2015-06-01,Nelamangala LPA,,,http://nelamangala.tpa.gov.in/sites/nelamangala.tpa.gov.in/files/2.%20NPA_MASTER_PLAN_FINAL-2031_MAPS(Autosaved)_017.pdf,b4bf7a03c7931ec2783b1934dafbc28fa2f7ab71a519e7b42ed56adeaa732920,2026-10-01,unverified
BMRDA-NLM-MP2031-MAP018,BMRDA-NLM,BMRDA-NLM-MP2031,plan_sheet,"NPA Master Plan Final 2031 maps, sheet 018 (master plan page)",final,"Final, sanctioned",,UDD 150 BMR 2013,2015-06-01,Nelamangala LPA,,,http://nelamangala.tpa.gov.in/sites/nelamangala.tpa.gov.in/files/2.%20NPA_MASTER_PLAN_FINAL-2031_MAPS(Autosaved)_018.pdf,d68fdbd630c2246a1b1934d6afce4f2083a7e4321f84871045f3b0478cc1d132,2026-10-01,unverified
BMRDA-NLM-MP2031-MAP019,BMRDA-NLM,BMRDA-NLM-MP2031,plan_sheet,"NPA Master Plan Final 2031 maps, sheet 019 (master plan page)",final,"Final, sanctioned",,UDD 150 BMR 2013,2015-06-01,Nelamangala LPA,,,http://nelamangala.tpa.gov.in/sites/nelamangala.tpa.gov.in/files/2.%20NPA_MASTER_PLAN_FINAL-2031_MAPS(Autosaved)_019.pdf,2572c173f082c8884ea27cb3c3cb01c77704a6b3ff42d19b05156f0aaed53c2c,2026-10-01,unverified
BMRDA-NLM-MP2031-MAP020,BMRDA-NLM,BMRDA-NLM-MP2031,plan_sheet,"NPA Master Plan Final 2031 maps, sheet 020 (master plan page)",final,"Final, sanctioned",,UDD 150 BMR 2013,2015-06-01,Nelamangala LPA,,,http://nelamangala.tpa.gov.in/sites/nelamangala.tpa.gov.in/files/2.%20NPA_MASTER_PLAN_FINAL-2031_MAPS(Autosaved)_020.pdf,85bddd6fb968cf9803d93f8ee993894079af378734c1054ec0003c07551ef910,2026-10-01,unverified
BMRDA-NLM-MP2031-MAP021,BMRDA-NLM,BMRDA-NLM-MP2031,plan_sheet,"NPA Master Plan Final 2031 maps, sheet 021 (master plan page)",final,"Final, sanctioned",,UDD 150 BMR 2013,2015-06-01,Nelamangala LPA,,,http://nelamangala.tpa.gov.in/sites/nelamangala.tpa.gov.in/files/2.%20NPA_MASTER_PLAN_FINAL-2031_MAPS(Autosaved)_021.pdf,b1fc700ed49e9248ad40fbd39aa31ac116fadfe6a3754b9b8e231cb96402d6d6,2026-10-01,unverified
BMRDA-NLM-MP2031-MAP022,BMRDA-NLM,BMRDA-NLM-MP2031,plan_sheet,"NPA Master Plan Final 2031 maps, sheet 022 (master plan page)",final,"Final, sanctioned",,UDD 150 BMR 2013,2015-06-01,Nelamangala LPA,,,http://nelamangala.tpa.gov.in/sites/nelamangala.tpa.gov.in/files/2.%20NPA_MASTER_PLAN_FINAL-2031_MAPS(Autosaved)_022.pdf,201190cb06030fa6cc21baa990777967a3890174d95211fbcf88a4941476cf05,2026-10-01,unverified
BMRDA-NLM-MP2031-MAP023,BMRDA-NLM,BMRDA-NLM-MP2031,plan_sheet,"NPA Master Plan Final 2031 maps, sheet 023 (master plan page)",final,"Final, sanctioned",,UDD 150 BMR 2013,2015-06-01,Nelamangala LPA,,,http://nelamangala.tpa.gov.in/sites/nelamangala.tpa.gov.in/files/2.%20NPA_MASTER_PLAN_FINAL-2031_MAPS(Autosaved)_023.pdf,423c54eaf279554211612717ac52a3a3f30b574ed8d2d5cf918eaf212ed3e5bb,2026-10-01,unverified
BMRDA-NLM-MP2031-MAP014J,BMRDA-NLM,BMRDA-NLM-MP2031,plan_sheet,"NPA Master Plan Final 2031 maps, sheet 014 (jpg also linked)",final,"Final, sanctioned",,UDD 150 BMR 2013,2015-06-01,Nelamangala LPA,,,http://nelamangala.tpa.gov.in/sites/nelamangala.tpa.gov.in/files/2.%20NPA_MASTER_PLAN_FINAL-2031_MAPS(Autosaved)_014.jpg,06f03c2c911063641a78ad0256414c13fd738464469eba6dadd49736b00baf2f,2026-10-01,unverified
BIAAPA-MP2021-LPAMAP,BIAAPA,BIAAPA-MP2021,plan_sheet,BIAAPA new LPA (LPA map page),final,"Final, sanctioned (2021 horizon)",,UDD 157 BMR 2005,2009-01-27,BIAAPA LPA,,,http://biaapa.tpa.gov.in/sites/biaapa.tpa.gov.in/files/BIAAPA_NEW_LPA.pdf,facd2e74c7f016cac932dbbe3757b42ec7ce8c827f8e68895eafdd1fcaf3a33c,2026-10-01,unverified
BIAAPA-MP2021-MP,BIAAPA,BIAAPA-MP2021,plan_sheet,MASTER-PLAN-2021 (master plan page),final,"Final, sanctioned (2021 horizon)",,UDD 157 BMR 2005,2009-01-27,BIAAPA LPA,,,http://biaapa.tpa.gov.in/sites/biaapa.tpa.gov.in/files/MASTER-PLAN-2021.pdf,a5406698066b4bf5f4c3835df85ea3d77e153ec92d955d028e6e04fa04273f67,2026-10-01,unverified
BIAAPA-MP2021-ZR,BIAAPA,BIAAPA-MP2021,zr,ZR-BIAAPA-2021 (zonal regulation page) [Final GO UDD 157 BMR 2005 (27-01-2009) preamble says new zoning regulations were framed for the plan; the order sanctions the master plan],draft,Draft: published with the final plan; the GO does not name it,,,,BIAAPA LPA,,,http://biaapa.tpa.gov.in/sites/biaapa.tpa.gov.in/files/ZR-BIAAPA-2021.pdf,5735680c46752b25f584a74e07bc76d7f36c9cad1b3f9dcca29839534e082d9d,2026-10-01,unverified
BIAAPA-MP2021-GO-FINAL-2009,BIAAPA,BIAAPA-MP2021,go,master plan final approval govt notification gazette copy 29-01-2009,final,"Final, sanctioned (2021 horizon)",,UDD 157 BMR 2005,2009-01-27,BIAAPA LPA,,,http://biaapa.tpa.gov.in/sites/biaapa.tpa.gov.in/files/master%20plan%20final%20approval%20govt%20notification%20gazette%20copy%2029-01-2009.pdf,fe3fce106ebdc02fedf7cabac6729e5b729a43f982c124097051912f45f094b0,2026-10-01,unverified
BIAAPA-MP2021-GO-PROVISIONAL-2004,BIAAPA,BIAAPA-MP2021,go,provisonal MASTERPLAN APPROVAL GOVT ORDER COPY 2004,superseded,"Superseded: provisional approval UDD 248 Bem Ru Pra 2003 (13-09-2004), replaced by the final GO of 27-01-2009",,UDD 248 Bem Ru Pra 2003,2004-09-13,BIAAPA LPA,,,http://biaapa.tpa.gov.in/sites/biaapa.tpa.gov.in/files/provisonal%20MASTERPLAN%20APPROVAL%20GOVT%20ORDER%20COPY%202004.pdf,34625c755a5fac88615e8f6acd10f9d87606ad3b4f786447a16ef87c7b2eb4e3,2026-10-01,unverified
BIAAPA-MP2021-GO-LPA-1996,BIAAPA,BIAAPA-MP2021,go,LPA DECLARATION GOVT ORDER COPY 12-01-1996,reference,"Reference: LPA declaration government order, 12-01-1996",,,,BIAAPA LPA,,,http://biaapa.tpa.gov.in/sites/biaapa.tpa.gov.in/files/LPA%20DECLARATION%20GOVT%20ORDER%20COPY%2012-01-1996.pdf,3797fd24d0ad9219373e90f54fcd30fb6c60fe84afd935ad45ef917a7c5a87bf,2026-10-01,unverified
