text_name,text_hobli,text_taluk,text_pd,dist,taluk,hobli,vlg,our_name,our_hobli,share_pct,name_closeness,pd_check,accepted,evidence
Bannerugattada Kavalu,Jigani,Anekal Taluk,30,20,3,8,9,BANNERUGHATTA,JIGANI2,97.4,0.71,ok,no,name 0.71 (next 0.58); map share 97.4%; PD 30 ok; FAIL: village already matched
Sarvamanya Bingipura,Jigani,Anekal Taluk,,20,3,8,22,S  BINGEEPURA,JIGANI2,100.0,1.0,n/a,yes,name 1.00 (next 0.71); map share 100.0%; no PD in text; taluk agrees
Bhujangadasana Amanikere,Jigani,Anekal Taluk,,20,3,8,8,AMANIBHUJANGADASANAKE,JIGANI2,100.0,0.73,n/a,yes,name 0.73 (next 0.63); map share 100.0%; no PD in text; taluk agrees
Madivala,Sarjapura,Anekal Taluk,27,20,2,15,9,MADIVALA,BEGURU - 1,100.0,1.0,ok,no,name 1.00 (next 0.67); map share 100.0%; PD 27 ok; FAIL: village already matched
Hosahalli,Sarjapura,Anekal Taluk,5,20,2,12,25,HOSAHALLI,UTTARAHALLI -2,100.0,1.0,ok,no,name 1.00 (next 0.88); map share 100.0%; PD 5 ok; FAIL: village already matched
Bidare Agrahara urf Chikkanagenahalli,Bidarahalli,Bengaluru East,,20,4,6,52,BIDARE AGRAHARA,BIDARAHALLI1,100.0,1.0,n/a,yes,name 1.00 (next 0.74); map share 100.0%; no PD in text; taluk agrees
Bommasandra,Bidarahalli,Bengaluru East,21,20,4,6,58,DOMMASANDRA,BIDARAHALLI1,100.0,0.9,fail (8868 m from PD 21),no,"name 0.90 (next 0.90); map share 100.0%; PD 21 fail (8868 m from PD 21); FAIL: runner-up name as close, PD fail (8868 m from PD 21), village already matched"
Vaddarahalli,Bidarahalli,Bengaluru East,22,20,1,6,55,VADDARAHALLI,DASANAPURA2,99.0,1.0,ok,no,name 1.00 (next 0.90); map share 99.0%; PD 22 ok; FAIL: village already matched
Thippasandra,Krishnarajapura,Bengaluru East,,20,4,9,9,TIPPASANDRA,MARATHAHALLI,100.0,1.0,n/a,no,name 1.00 (next 1.00); map share 100.0%; no PD in text; taluk agrees; FAIL: runner-up name as close
Binnamangala Manavarthe Kavalu,Krishnarajapura,Bengaluru East,,20,4,8,3,BINNAMANGALA MA KA,MAHADEVAPURA,100.0,1.0,n/a,yes,name 1.00 (next 0.77); map share 100.0%; no PD in text; taluk agrees
Byappanahalli Manavartha Kavalu,Krishnarajapura,Bengaluru East,,20,4,8,4,BAIYAPPANAHALLI MA KA,MAHADEVAPURA,100.0,0.96,n/a,yes,name 0.96 (next 0.77); map share 100.0%; no PD in text; taluk agrees
Byatarayanapura (Narayanapura),Krishnarajapura,Bengaluru East,7,20,5,2,2,BYATARAYAPURA,YALAHANKA2,100.0,0.93,fail (2160 m from PD 7),no,"name 0.93 (next 0.86); map share 100.0%; PD 7 fail (2160 m from PD 7); FAIL: PD fail (2160 m from PD 7), village already matched"
Byrasandra,Krishnarajapura,Bengaluru East,4,20,4,9,10,BAIRASANDRA,MARATHAHALLI,100.0,1.0,fail (6031 m from PD 4),no,name 1.00 (next 0.80); map share 100.0%; PD 4 fail (6031 m from PD 4); FAIL: PD fail (6031 m from PD 4)
Byrathikane,Krishnarajapura,Bengaluru East,,20,4,2,34,AMANI BAIRATIKHANE,K R PURA2,100.0,0.8,n/a,yes,name 0.80 (next 0.75); map share 100.0%; no PD in text; taluk agrees
Channasandra,Krishnarajapura,Bengaluru East,,20,4,6,60,CHANNASANDRA,BIDARAHALLI1,99.4,1.0,n/a,no,"name 1.00 (next 1.00); map share 99.4%; no PD in text; taluk agrees; FAIL: runner-up name as close, village already matched"
Doddanekkundi,Krishnarajapura,Bengaluru East,11,20,4,9,11,DODDANEKUNDI,MARATHAHALLI,100.0,1.0,fail (4003 m from PD 11),no,name 1.00 (next 0.70); map share 100.0%; PD 11 fail (4003 m from PD 11); FAIL: PD fail (4003 m from PD 11)
Dyavasandra,Krishnarajapura,Bengaluru East,,20,4,1,12,DEVASANDRA,K R PURA1,100.0,0.86,n/a,yes,name 0.86 (next 0.76); map share 100.0%; no PD in text; taluk agrees
Kaggadasapura,Krishnarajapura,Bengaluru East,,20,4,6,61,KONADASAPURA,BIDARAHALLI1,100.0,0.83,n/a,no,name 0.83 (next 0.75); map share 100.0%; no PD in text; taluk agrees; FAIL: village already matched
Kotthanuru Narayanapura,Krishnarajapura,Bengaluru East,,20,4,2,2,K NARAYANAPURA,K R PURA2,100.0,1.0,n/a,yes,name 1.00 (next 0.83); map share 100.0%; no PD in text; taluk agrees
Ramagondahalli Narayanapura,Krishnarajapura,Bengaluru East,,20,4,3,18,R NARAYANAPURA,K R PURA3,100.0,1.0,n/a,yes,name 1.00 (next 0.65); map share 100.0%; no PD in text; taluk agrees
Srinivasapura,Krishnarajapura,Bengaluru East,,20,5,1,14,SHREENIVASAPURA,YALAHANKA1,100.0,1.0,n/a,no,"name 1.00 (next 0.75); map share 100.0%; no PD in text; taluk differs; FAIL: no PD in text and taluk differs (Bengaluru East vs YALAHANKA), village already matched"
Vibhuthipura,Krishnarajapura,Bengaluru East,,20,4,9,8,VIBHUTIPURA,MARATHAHALLI,100.0,1.0,n/a,yes,name 1.00 (next 0.71); map share 100.0%; no PD in text; taluk agrees
Whitefield,Krishnarajapura,Bengaluru East,,20,4,3,29,VAIT FEELD,K R PURA3,100.0,0.71,n/a,yes,name 0.71 (next 0.42); map share 100.0%; no PD in text; taluk agrees
Bellandur Amanikane,Varthur,Bengaluru East,,20,4,4,18,AMANI BELLANDURUKHANE,VARTURU1,100.0,0.69,n/a,no,name 0.69 (next 0.62); map share 100.0%; no PD in text; taluk agrees; FAIL: name not close (< 0.7)
Chikkakannelli,Varthur,Bengaluru East,25,20,4,5,35,CHIKKANNALLI,VARTURU2,100.0,0.8,ok,yes,name 0.80 (next 0.75); map share 100.0%; PD 25 ok
Soolakunte,Varthur,Bengaluru East,25,20,4,5,27,SULIKUNTE,VARTURU2,100.0,0.89,ok,yes,name 0.89 (next 0.71); map share 100.0%; PD 25 ok
Gangondanahalli,Dasanapura,Bengaluru North,40,20,4,3,37,NAGONDANAHALLI,K R PURA3,98.3,0.89,fail (30179 m from PD 40),no,"name 0.89 (next 0.83); map share 98.3%; PD 40 fail (30179 m from PD 40); FAIL: PD fail (30179 m from PD 40), village already matched"
Narayanapalya,Dasanapura,Bengaluru North,40,20,1,5,4,NARAYANAPPANAPALYA,DASANAPURA1,99.4,0.87,ok,yes,name 0.87 (next 0.77); map share 99.4%; PD 40 ok
Kayamguttha Srikantapura,Dasanapura,Bengaluru North,,20,1,6,39,SHREEKANTAPURA,DASANAPURA2,86.4,0.73,n/a,no,name 0.73 (next 0.67); map share 86.4%; no PD in text; taluk agrees; FAIL: village already matched
Ittagalpura,Hesaraghatta,Bengaluru North,42,20,5,6,23,ITTEGALAPURA,HESARUGHATTA1,99.3,0.86,ok,yes,name 0.86 (next 0.80); map share 99.3%; PD 42 ok
Sheekoti,Hesaraghatta,Bengaluru North,42,20,5,6,43,SHIVAKOTE,HESARUGHATTA1,100.0,0.71,ok,no,name 0.71 (next 0.67); map share 100.0%; PD 42 ok; FAIL: runner-up name as close
Soladevanahalli,Hesaraghatta,Bengaluru North,34,20,5,6,29,SULADEVANAHALLI,HESARUGHATTA1,100.0,0.93,ok,yes,name 0.93 (next 0.86); map share 100.0%; PD 34 ok
Nallakunti,Jala,Bengaluru North,,20,5,1,26,MANDALAKUNTE,YALAHANKA1,100.0,0.76,n/a,no,name 0.76 (next 0.70); map share 100.0%; no PD in text; taluk agrees; FAIL: village already matched
Sugatta,Jala,Bengaluru North,35,20,5,5,3,SUGGUTA,JALA2,100.0,0.83,ok,yes,name 0.83 (next 0.75); map share 100.0%; PD 35 ok
City Survey Sheets [from N0. 1 to No.97],Kasaba (Bengaluru),Bengaluru North,,,,,,,,,0,,no,not a village (city survey sheets)
Byataguttapalya,Kasaba (Bengaluru),Bengaluru North,,20,1,1,17,BYATEGUTTEPALYA,KASABA1,100.0,0.86,n/a,yes,name 0.86 (next 0.69); map share 100.0%; no PD in text; taluk agrees
Kacharakanahalli,Kasaba (Bengaluru),Bengaluru North,8,20,1,1,16,KAJARAKANAHALLI,KASABA1,100.0,0.9,ok,no,name 0.90 (next 0.87); map share 100.0%; PD 8 ok; FAIL: runner-up name as close
Kalagondanahalli,Kasaba (Bengaluru),Bengaluru North,,20,1,3,23,KAMMAGONDANAHALLI,YASHAVANTAPURA1,100.0,0.93,n/a,no,name 0.93 (next 0.87); map share 100.0%; no PD in text; taluk agrees; FAIL: village already matched
Jakkuru Plantation,Yelahanka,Bengaluru North,,20,5,2,37,JAKKURU PLANTESHAN,YALAHANKA2,100.0,0.84,n/a,yes,name 0.84 (next 0.55); map share 100.0%; no PD in text; taluk agrees
Jyarakabandekavalu,Yelahanka,Bengaluru North,,20,5,6,59,AIVARAKANDAPURA,HESARUGHATTA1,99.1,0.62,n/a,no,"name 0.62 (next 0.60); map share 99.1%; no PD in text; taluk agrees; FAIL: name not close (< 0.7), runner-up name as close, village already matched"
Kodagihalli,Yelahanka,Bengaluru North,39,20,4,9,1,KODIHALLI,MARATHAHALLI,100.0,0.89,fail (18110 m from PD 39),no,name 0.89 (next 0.80); map share 100.0%; PD 39 fail (18110 m from PD 39); FAIL: PD fail (18110 m from PD 39)
Kodagihalli Plantation,Yelahanka,Bengaluru North,,20,4,6,63,KADUGODI PLANTESHAN,BIDARAHALLI1,100.0,0.59,n/a,no,"name 0.59 (next 0.57); map share 100.0%; no PD in text; taluk differs; FAIL: name not close (< 0.7), runner-up name as close, no PD in text and taluk differs (Bengaluru North vs BANGALORE-EAST)"
Lakshmisagara,Yelahanka,Bengaluru North,35,20,5,1,44,LAKSHEESAGARA,YALAHANKA1,100.0,0.96,ok,yes,name 0.96 (next 0.73); map share 100.0%; PD 35 ok
Muddanahalli,Yelahanka,Bengaluru North,35,20,5,1,3,MUDDENAHALLI,YALAHANKA1,100.0,0.9,fail (1072 m from PD 35),no,name 0.90 (next 0.82); map share 100.0%; PD 35 fail (1072 m from PD 35); FAIL: PD fail (1072 m from PD 35)
Thindalu Plantation,Yelahanka,Bengaluru North,,20,5,2,37,JAKKURU PLANTESHAN,YALAHANKA2,100.0,0.56,n/a,no,"name 0.56 (next 0.52); map share 100.0%; no PD in text; taluk agrees; FAIL: name not close (< 0.7), runner-up name as close, village already matched"
Yelahanka Amanikere,Yelahanka,Bengaluru North,,20,5,1,43,YALAHANKA A  KERE,YALAHANKA1,100.0,0.8,n/a,yes,name 0.80 (next 0.71); map share 100.0%; no PD in text; taluk agrees
Abbigere,Yeshwanthapura,Bengaluru North,,20,1,3,1,ABBAGERE,YASHAVANTAPURA1,100.0,0.86,n/a,yes,name 0.86 (next 0.77); map share 100.0%; no PD in text; taluk agrees
Guladahalli,Yeshwanthapura,Bengaluru North,34,20,1,2,7,GUDDADA HALLI,KASABA2,100.0,0.9,ok,no,name 0.90 (next 0.83); map share 100.0%; PD 34 ok; FAIL: village already matched
Handrahalli,Yeshwanthapura,Bengaluru North,,20,1,4,26,ANDRAHALLI,YASHAVANTAPURA2,92.6,0.95,n/a,yes,name 0.95 (next 0.86); map share 92.6%; no PD in text; taluk agrees
Kannelli,Yeshwanthapura,Bengaluru North,39,20,1,4,35,KANNALLI,YASHAVANTAPURA2,99.8,0.83,ok,yes,name 0.83 (next 0.67); map share 99.8%; PD 39 ok
Kodagihalli,Yeshwanthapura,Bengaluru North,39,20,4,9,1,KODIHALLI,MARATHAHALLI,100.0,0.89,fail (18110 m from PD 39),no,name 0.89 (next 0.80); map share 100.0%; PD 39 fail (18110 m from PD 39); FAIL: PD fail (18110 m from PD 39)
Laggeri,Yeshwanthapura,Bengaluru North,,20,1,3,18,LAGGERE,YASHAVANTAPURA1,100.0,0.83,n/a,yes,name 0.83 (next 0.71); map share 100.0%; no PD in text; taluk agrees
Medarahalli,Yeshwanthapura,Bengaluru North,,20,4,7,1,MEDAHALLI,BIDARAHALLI2,100.0,0.89,n/a,no,"name 0.89 (next 0.86); map share 100.0%; no PD in text; taluk differs; FAIL: runner-up name as close, no PD in text and taluk differs (Bengaluru North vs BANGALORE-EAST), village already matched"
Nallakadirenahalli,Yeshwanthapura,Bengaluru North,,20,2,25,4,KADIRENAHALLI,UTTARAHALLI -5,100.0,0.86,n/a,no,"name 0.86 (next 0.77); map share 100.0%; no PD in text; taluk differs; FAIL: no PD in text and taluk differs (Bengaluru North vs BANGALORE-SOUTH), village already matched"
Bellakkanahalli,Beguru,Bengaluru South,,20,1,6,57,KH GH LAKKENAHALLI,DASANAPURA2,100.0,0.82,n/a,no,"name 0.82 (next 0.78); map share 100.0%; no PD in text; taluk differs; FAIL: runner-up name as close, no PD in text and taluk differs (Bengaluru South vs BANGALORE-NORTH), village already matched"
Ejipura,Beguru,Bengaluru South,3,20,2,15,42,EEJIPURA,BEGURU - 1,100.0,0.86,ok,yes,name 0.86 (next 0.67); map share 100.0%; PD 3 ok
Haadagodi,Beguru,Bengaluru South,,20,2,15,6,ADUGODI,BEGURU - 1,100.0,0.8,n/a,yes,name 0.80 (next 0.75); map share 100.0%; no PD in text; taluk agrees
Haralakunti,Beguru,Bengaluru South,,20,2,16,14,HARALUKUNTE,BEGURU - 2,100.0,0.82,n/a,yes,name 0.82 (next 0.70); map share 100.0%; no PD in text; taluk agrees
Nynappashettipalya,Beguru,Bengaluru South,,20,2,17,25,NYENAPPANASHETTI,BEGURU - 3,100.0,0.71,n/a,no,name 0.71 (next 0.69); map share 100.0%; no PD in text; taluk agrees; FAIL: runner-up name as close
Shinivagala Kere,Beguru,Bengaluru South,,20,2,15,41,SHREENIVAGILUKERE,BEGURU - 1,100.0,0.83,n/a,yes,name 0.83 (next 0.64); map share 100.0%; no PD in text; taluk agrees
Shinivagalu,Beguru,Bengaluru South,,20,2,15,40,SHREENIVAGILU,BEGURU - 1,100.0,0.86,n/a,yes,name 0.86 (next 0.72); map share 100.0%; no PD in text; taluk agrees
Venkaji Rao Kere,Beguru,Bengaluru South,,20,2,17,31,ARAKERE,BEGURU - 3,100.0,0.67,n/a,no,"name 0.67 (next 0.64); map share 100.0%; no PD in text; taluk agrees; FAIL: name not close (< 0.7), runner-up name as close, village already matched"
Yalakunte,Beguru,Bengaluru South,,20,5,1,26,MANDALAKUNTE,YALAHANKA1,100.0,0.76,n/a,no,"name 0.76 (next 0.71); map share 100.0%; no PD in text; taluk differs; FAIL: no PD in text and taluk differs (Bengaluru South vs YALAHANKA), village already matched"
Badamanevarthikavalu,Kengeri,Bengaluru South,,20,4,8,4,BAIYAPPANAHALLI MA KA,MAHADEVAPURA,100.0,0.71,n/a,no,"name 0.71 (next 0.67); map share 100.0%; no PD in text; taluk differs; FAIL: runner-up name as close, no PD in text and taluk differs (Bengaluru South vs BANGALORE-EAST), village already matched"
Bheemanakuppe Ramasagara,Kengeri,Bengaluru South,,20,2,19,21,BHEEMANAKUPPE,KENGERI - 2,100.0,0.67,n/a,no,"name 0.67 (next 0.63); map share 100.0%; no PD in text; taluk agrees; FAIL: name not close (< 0.7), runner-up name as close, village already matched"
Gudamava,Kengeri,Bengaluru South,,20,2,20,45,GUDIMAVU,KENGERI - 3,99.2,0.75,n/a,yes,name 0.75 (next 0.67); map share 99.2%; no PD in text; taluk agrees
Kanaminake,Kengeri,Bengaluru South,36,20,2,19,27,KANIMINIKE,KENGERI - 2,98.8,0.8,ok,yes,name 0.80 (next 0.67); map share 98.8%; PD 36 ok
Kommagatta Krishnasagara,Kengeri,Bengaluru South,,20,2,18,19,K KRUSHNASAGARA,KENGERI - 1,99.7,1.0,n/a,yes,name 1.00 (next 0.76); map share 99.7%; no PD in text; taluk agrees
Maaragondanahalli Krishnasagara,Kengeri,Bengaluru South,,20,4,7,5,MARAGONDANAHALLI,BIDARAHALLI2,100.0,0.71,n/a,no,"name 0.71 (next 0.71); map share 100.0%; no PD in text; taluk differs; FAIL: runner-up name as close, no PD in text and taluk differs (Bengaluru South vs BANGALORE-EAST), village already matched"
Thagachikuppi,Kengeri,Bengaluru South,,20,2,20,46,TAGACHAGUPPE,KENGERI - 3,99.5,0.73,n/a,yes,name 0.73 (next 0.60); map share 99.5%; no PD in text; taluk agrees
Koluru Gurarayanapura,Thavarekere,Bengaluru South,37,20,4,2,2,K NARAYANAPURA,K R PURA2,100.0,0.85,fail (26955 m from PD 37),no,"name 0.85 (next 0.83); map share 100.0%; PD 37 fail (26955 m from PD 37); FAIL: runner-up name as close, PD fail (26955 m from PD 37), village already matched"
Gopinayakanahalli,Uttarahalli,Bengaluru South,,20,2,25,2,GOVINAGOVINAYAKANAHALLI,UTTARAHALLI -5,100.0,0.79,n/a,no,name 0.79 (next 0.79); map share 100.0%; no PD in text; taluk agrees; FAIL: runner-up name as close
Marasandra (Subramanyapura),Uttarahalli,Bengaluru South,,20,2,12,21,MALLASANDRA,UTTARAHALLI -2,60.7,0.9,n/a,no,"name 0.90 (next 0.90); map share 60.7%; no PD in text; taluk agrees; FAIL: runner-up name as close, village already matched"
